/*
 Navicat Premium Data Transfer

 Source Server         : localhost
 Source Server Type    : MySQL
 Source Server Version : 80034 (8.0.34)
 Source Host           : localhost:3306
 Source Schema         : mall_product

 Target Server Type    : MySQL
 Target Server Version : 80034 (8.0.34)
 File Encoding         : 65001

 Date: 21/07/2026 16:11:20
*/

SET NAMES utf8mb4;
SET FOREIGN_KEY_CHECKS = 0;

-- ----------------------------
-- Table structure for pms_album
-- ----------------------------
DROP TABLE IF EXISTS `pms_album`;
CREATE TABLE `pms_album`  (
  `id` bigint NOT NULL AUTO_INCREMENT,
  `name` varchar(64) CHARACTER SET utf8mb3 COLLATE utf8mb3_general_ci NULL DEFAULT NULL,
  `cover_pic` varchar(1000) CHARACTER SET utf8mb3 COLLATE utf8mb3_general_ci NULL DEFAULT NULL,
  `pic_count` int NULL DEFAULT NULL,
  `sort` int NULL DEFAULT NULL,
  `description` varchar(1000) CHARACTER SET utf8mb3 COLLATE utf8mb3_general_ci NULL DEFAULT NULL,
  PRIMARY KEY (`id`) USING BTREE
) ENGINE = InnoDB CHARACTER SET = utf8mb3 COLLATE = utf8mb3_general_ci COMMENT = 'зӣёеҶҢиЎЁ' ROW_FORMAT = DYNAMIC;

-- ----------------------------
-- Records of pms_album
-- ----------------------------

-- ----------------------------
-- Table structure for pms_album_pic
-- ----------------------------
DROP TABLE IF EXISTS `pms_album_pic`;
CREATE TABLE `pms_album_pic`  (
  `id` bigint NOT NULL AUTO_INCREMENT,
  `album_id` bigint NULL DEFAULT NULL,
  `pic` varchar(1000) CHARACTER SET utf8mb3 COLLATE utf8mb3_general_ci NULL DEFAULT NULL,
  PRIMARY KEY (`id`) USING BTREE
) ENGINE = InnoDB CHARACTER SET = utf8mb3 COLLATE = utf8mb3_general_ci COMMENT = 'з”»еҶҢеӣҫзүҮиЎЁ' ROW_FORMAT = DYNAMIC;

-- ----------------------------
-- Records of pms_album_pic
-- ----------------------------

-- ----------------------------
-- Table structure for pms_brand
-- ----------------------------
DROP TABLE IF EXISTS `pms_brand`;
CREATE TABLE `pms_brand`  (
  `id` bigint NOT NULL AUTO_INCREMENT,
  `name` varchar(64) CHARACTER SET utf8mb3 COLLATE utf8mb3_general_ci NULL DEFAULT NULL,
  `first_letter` varchar(8) CHARACTER SET utf8mb3 COLLATE utf8mb3_general_ci NULL DEFAULT NULL COMMENT 'йҰ–еӯ—жҜҚ',
  `sort` int NULL DEFAULT NULL,
  `factory_status` int NULL DEFAULT NULL COMMENT 'жҳҜеҗҰдёәе“ҒзүҢеҲ¶йҖ е•Ҷпјҡ0->дёҚжҳҜпјӣ1->жҳҜ',
  `show_status` int NULL DEFAULT NULL,
  `product_count` int NULL DEFAULT NULL COMMENT 'дә§е“Ғж•°йҮҸ',
  `product_comment_count` int NULL DEFAULT NULL COMMENT 'дә§е“ҒиҜ„и®әж•°йҮҸ',
  `logo` varchar(255) CHARACTER SET utf8mb3 COLLATE utf8mb3_general_ci NULL DEFAULT NULL COMMENT 'е“ҒзүҢlogo',
  `big_pic` varchar(255) CHARACTER SET utf8mb3 COLLATE utf8mb3_general_ci NULL DEFAULT NULL COMMENT 'дё“еҢәеӨ§еӣҫ',
  `brand_story` text CHARACTER SET utf8mb3 COLLATE utf8mb3_general_ci NULL COMMENT 'е“ҒзүҢж•…дәӢ',
  PRIMARY KEY (`id`) USING BTREE
) ENGINE = InnoDB AUTO_INCREMENT = 60 CHARACTER SET = utf8mb3 COLLATE = utf8mb3_general_ci COMMENT = 'е“ҒзүҢиЎЁ' ROW_FORMAT = DYNAMIC;

-- ----------------------------
-- Records of pms_brand
-- ----------------------------
INSERT INTO `pms_brand` VALUES (1, 'дёҮе’Ң', 'W', 0, 1, 1, 100, 100, 'http://macro-oss.oss-cn-shenzhen.aliyuncs.com/mall/images/20200607/5b07ca8aN4e127d2f.jpg', 'http://img13.360buyimg.com/cms/jfs/t1/121860/35/2430/187800/5ec4e294E22f3ffcc/1e233b65b94ba192.jpg', 'дёҮе’ҢжҲҗз«ӢдәҺ1993е№ҙ8жңҲпјҢжҖ»йғЁдҪҚдәҺе№ҝдёңйЎәеҫ·еӣҪе®¶зә§й«ҳж–°жҠҖжңҜејҖеҸ‘еҢәеҶ…пјҢжҳҜеӣҪеҶ…з”ҹдә§и§„жЁЎжңҖеӨ§зҡ„зҮғж°”е…·дё“дёҡеҲ¶йҖ дјҒдёҡпјҢд№ҹжҳҜдёӯеӣҪзҮғж°”е…·еҸ‘еұ•жҲҳз•Ҙзҡ„йҰ–еҖЎиҖ…е’ҢжҺЁеҠЁиҖ…гҖҒдёӯеӣҪдә”йҮ‘еҲ¶е“ҒеҚҸдјҡзҮғж°”з”Ёе…·еҲҶдјҡз¬¬дёүеұҠзҗҶдәӢй•ҝеҚ•дҪҚгҖӮ');
INSERT INTO `pms_brand` VALUES (2, 'дёүжҳҹ', 'S', 100, 1, 1, 100, 100, 'http://macro-oss.oss-cn-shenzhen.aliyuncs.com/mall/images/20200607/57201b47N7bf15715.jpg', 'http://macro-oss.oss-cn-shenzhen.aliyuncs.com/mall/images/20221108/sanxing_banner_01.png', 'дёүжҳҹйӣҶеӣўпјҲиӢұж–ҮпјҡSAMSUNGгҖҒйҹ©ж–ҮпјҡмӮјм„ұпјүжҳҜйҹ©еӣҪжңҖеӨ§зҡ„и·ЁеӣҪдјҒдёҡйӣҶеӣўпјҢдёүжҳҹйӣҶеӣўеҢ…жӢ¬дј—еӨҡзҡ„еӣҪйҷ…дёӢеұһдјҒдёҡпјҢж——дёӢеӯҗе…¬еҸёжңүпјҡдёүжҳҹз”өеӯҗгҖҒдёүжҳҹзү©дә§гҖҒдёүжҳҹдәәеҜҝдҝқйҷ©зӯүпјҢдёҡеҠЎж¶үеҸҠз”өеӯҗгҖҒйҮ‘иһҚгҖҒжңәжў°гҖҒеҢ–еӯҰзӯүдј—еӨҡйўҶеҹҹгҖӮ');
INSERT INTO `pms_brand` VALUES (3, 'еҚҺдёә', 'H', 100, 1, 1, 100, 100, 'http://macro-oss.oss-cn-shenzhen.aliyuncs.com/mall/images/20200607/5abf6f26N31658aa2.jpg', 'http://macro-oss.oss-cn-shenzhen.aliyuncs.com/mall/images/20221108/huawei_banner_01.png', 'иҚЈиҖҖе“ҒзүҢжҲҗз«ӢдәҺ2013е№ҙ,жҳҜеҚҺдёәж——дёӢжүӢжңәеҸҢе“ҒзүҢд№ӢдёҖгҖӮиҚЈиҖҖд»ҘвҖңеҲӣж–°гҖҒе“ҒиҙЁгҖҒжңҚеҠЎвҖқдёәж ёеҝғжҲҳз•Ҙ,дёәе…Ёзҗғе№ҙиҪ»дәәжҸҗдҫӣжҪ®й…·зҡ„е…ЁеңәжҷҜжҷәиғҪеҢ–дҪ“йӘҢ,жү“йҖ е№ҙиҪ»дәәеҗ‘еҫҖзҡ„е…Ҳй”Ӣж–ҮеҢ–е’ҢжҪ®жөҒз”ҹжҙ»ж–№ејҸ');
INSERT INTO `pms_brand` VALUES (4, 'ж јеҠӣ', 'G', 30, 1, 1, 100, 100, 'http://macro-oss.oss-cn-shenzhen.aliyuncs.com/mall/images/20180607/timg (3).jpg', NULL, 'Victoria\'s Secretзҡ„ж•…дәӢ');
INSERT INTO `pms_brand` VALUES (5, 'ж–№еӨӘ', 'F', 20, 1, 1, 100, 100, 'http://macro-oss.oss-cn-shenzhen.aliyuncs.com/mall/images/20180607/timg (4).jpg', NULL, 'Victoria\'s Secretзҡ„ж•…дәӢ');
INSERT INTO `pms_brand` VALUES (6, 'е°Ҹзұі', 'M', 500, 1, 1, 100, 100, 'http://macro-oss.oss-cn-shenzhen.aliyuncs.com/mall/images/20200607/5565f5a2N0b8169ae.jpg', 'http://macro-oss.oss-cn-shenzhen.aliyuncs.com/mall/images/20221108/xiaomi_banner_01.png', 'е°Ҹзұіе…¬еҸёжӯЈејҸжҲҗз«ӢдәҺ2010е№ҙ4жңҲпјҢжҳҜдёҖе®¶дё“жіЁдәҺй«ҳз«ҜжҷәиғҪжүӢжңәгҖҒдә’иҒ”зҪ‘з”өи§ҶиҮӘдё»з ”еҸ‘зҡ„еҲӣж–°еһӢз§‘жҠҖдјҒдёҡгҖӮдё»иҰҒз”ұеүҚи°·жӯҢгҖҒеҫ®иҪҜгҖҒж‘©жүҳгҖҒйҮ‘еұұзӯүзҹҘеҗҚе…¬еҸёзҡ„йЎ¶е°–дәәжүҚз»„е»әгҖӮ');
INSERT INTO `pms_brand` VALUES (21, 'OPPO', 'O', 0, 1, 1, 88, 500, 'http://macro-oss.oss-cn-shenzhen.aliyuncs.com/mall/images/20180607/timg(6).jpg', 'http://macro-oss.oss-cn-shenzhen.aliyuncs.com/mall/images/20221108/oppo_banner_01.png', 'OPPOдәҺ2008е№ҙжҺЁеҮәз¬¬дёҖж¬ҫвҖңз¬‘и„ёжүӢжңәвҖқпјҢз”ұжӯӨејҖеҗҜжҺўзҙўе’Ңеј•йўҶиҮізҫҺз§‘жҠҖд№Ӣж—…гҖӮд»ҠеӨ©пјҢOPPOеҮӯеҖҹд»ҘFindе’ҢRзі»еҲ—жүӢжңәдёәж ёеҝғзҡ„жҷәиғҪз»Ҳз«Ҝдә§е“ҒпјҢд»ҘеҸҠOPPO+зӯүдә’иҒ”зҪ‘жңҚеҠЎпјҢи®©е…Ёзҗғж¶Ҳиҙ№иҖ…е°Ҫдә«иҮізҫҺз§‘жҠҖгҖӮ');
INSERT INTO `pms_brand` VALUES (49, 'дёғеҢ№зӢј', 'S', 200, 1, 1, 77, 400, 'http://macro-oss.oss-cn-shenzhen.aliyuncs.com/mall/images/20190525/qipilang.png', NULL, 'BOOBзҡ„ж•…дәӢ');
INSERT INTO `pms_brand` VALUES (50, 'жө·жҫңд№Ӣе®¶', 'H', 200, 1, 1, 66, 300, 'http://macro-oss.oss-cn-shenzhen.aliyuncs.com/mall/images/20200607/5a5c69b9N5d6c5696.jpg', 'http://img10.360buyimg.com/cms/jfs/t1/133148/4/1605/470028/5edaf5ccEd7a687a9/e0a007631361ff75.jpg', 'вҖңжө·жҫңд№Ӣе®¶вҖқпјҲиӢұж–Үзј©еҶҷпјҡHLAпјүжҳҜжө·жҫңд№Ӣе®¶иӮЎд»Ҫжңүйҷҗе…¬еҸёж——дёӢзҡ„жңҚиЈ…е“ҒзүҢпјҢжҖ»йғЁдҪҚдәҺдёӯеӣҪжұҹиӢҸзңҒж— й”ЎеёӮжұҹйҳҙеёӮпјҢдё»иҰҒйҮҮз”Ёиҝһй”Ғйӣ¶е”®зҡ„жЁЎејҸпјҢй”Җе”®з”·жҖ§жңҚиЈ…гҖҒй…ҚйҘ°дёҺзӣёе…ідә§е“ҒгҖӮ');
INSERT INTO `pms_brand` VALUES (51, 'иӢ№жһң', 'A', 200, 1, 1, 55, 200, 'http://macro-oss.oss-cn-shenzhen.aliyuncs.com/mall/images/20200607/49b30bb0377030d1.jpg', 'http://macro-oss.oss-cn-shenzhen.aliyuncs.com/mall/images/20221108/apple_banner_01.png', 'иӢ№жһңе…¬еҸё(Apple Inc. )жҳҜзҫҺеӣҪзҡ„дёҖе®¶й«ҳз§‘жҠҖе…¬еҸёгҖӮ з”ұеҸІи’ӮеӨ«В·д№”еёғж–ҜгҖҒж–Ҝи’ӮеӨ«В·жІғе…№е°јдәҡе…Ӣе’ҢзҪ—В·йҹҰжҒ©(Ron Wayne)зӯүдәәдәҺ1976е№ҙ4жңҲ1ж—ҘеҲӣз«Ӣ,е№¶е‘ҪеҗҚдёәзҫҺеӣҪиӢ№жһңз”өи„‘е…¬еҸё(Apple Computer Inc. ),2007е№ҙ1жңҲ9ж—ҘжӣҙеҗҚдёәиӢ№жһңе…¬еҸё,жҖ»йғЁдҪҚдәҺеҠ еҲ©зҰҸе°јдәҡе·һзҡ„...');
INSERT INTO `pms_brand` VALUES (58, 'NIKE', 'N', 0, 1, 0, 33, 100, 'http://macro-oss.oss-cn-shenzhen.aliyuncs.com/mall/images/20180615/timg (51).jpg', '', 'NIKEзҡ„ж•…дәӢ');
INSERT INTO `pms_brand` VALUES (59, 'жөӢиҜ•е“ҒзүҢ', 'C', 0, 0, 0, NULL, NULL, 'http://localhost:9000/mall/20220609/Snipaste_2022-06-08_14-35-53.png', 'http://localhost:9000/mall/20220609/biji_05.jpg', '12345');

-- ----------------------------
-- Table structure for pms_comment
-- ----------------------------
DROP TABLE IF EXISTS `pms_comment`;
CREATE TABLE `pms_comment`  (
  `id` bigint NOT NULL AUTO_INCREMENT,
  `product_id` bigint NULL DEFAULT NULL,
  `member_nick_name` varchar(255) CHARACTER SET utf8mb3 COLLATE utf8mb3_general_ci NULL DEFAULT NULL,
  `product_name` varchar(255) CHARACTER SET utf8mb3 COLLATE utf8mb3_general_ci NULL DEFAULT NULL,
  `star` int NULL DEFAULT NULL COMMENT 'иҜ„д»·жҳҹж•°пјҡ0->5',
  `member_ip` varchar(64) CHARACTER SET utf8mb3 COLLATE utf8mb3_general_ci NULL DEFAULT NULL COMMENT 'иҜ„д»·зҡ„ip',
  `create_time` datetime NULL DEFAULT NULL,
  `show_status` int NULL DEFAULT NULL,
  `product_attribute` varchar(255) CHARACTER SET utf8mb3 COLLATE utf8mb3_general_ci NULL DEFAULT NULL COMMENT 'иҙӯд№°ж—¶зҡ„е•Ҷе“ҒеұһжҖ§',
  `collect_couont` int NULL DEFAULT NULL,
  `read_count` int NULL DEFAULT NULL,
  `content` text CHARACTER SET utf8mb3 COLLATE utf8mb3_general_ci NULL,
  `pics` varchar(1000) CHARACTER SET utf8mb3 COLLATE utf8mb3_general_ci NULL DEFAULT NULL COMMENT 'дёҠдј еӣҫзүҮең°еқҖпјҢд»ҘйҖ—еҸ·йҡ”ејҖ',
  `member_icon` varchar(255) CHARACTER SET utf8mb3 COLLATE utf8mb3_general_ci NULL DEFAULT NULL COMMENT 'иҜ„и®әз”ЁжҲ·еӨҙеғҸ',
  `replay_count` int NULL DEFAULT NULL,
  PRIMARY KEY (`id`) USING BTREE
) ENGINE = InnoDB CHARACTER SET = utf8mb3 COLLATE = utf8mb3_general_ci COMMENT = 'е•Ҷе“ҒиҜ„д»·иЎЁ' ROW_FORMAT = DYNAMIC;

-- ----------------------------
-- Records of pms_comment
-- ----------------------------

-- ----------------------------
-- Table structure for pms_comment_replay
-- ----------------------------
DROP TABLE IF EXISTS `pms_comment_replay`;
CREATE TABLE `pms_comment_replay`  (
  `id` bigint NOT NULL AUTO_INCREMENT,
  `comment_id` bigint NULL DEFAULT NULL,
  `member_nick_name` varchar(255) CHARACTER SET utf8mb3 COLLATE utf8mb3_general_ci NULL DEFAULT NULL,
  `member_icon` varchar(255) CHARACTER SET utf8mb3 COLLATE utf8mb3_general_ci NULL DEFAULT NULL,
  `content` varchar(1000) CHARACTER SET utf8mb3 COLLATE utf8mb3_general_ci NULL DEFAULT NULL,
  `create_time` datetime NULL DEFAULT NULL,
  `type` int NULL DEFAULT NULL COMMENT 'иҜ„и®әдәәе‘ҳзұ»еһӢпјӣ0->дјҡе‘ҳпјӣ1->з®ЎзҗҶе‘ҳ',
  PRIMARY KEY (`id`) USING BTREE
) ENGINE = InnoDB CHARACTER SET = utf8mb3 COLLATE = utf8mb3_general_ci COMMENT = 'дә§е“ҒиҜ„д»·еӣһеӨҚиЎЁ' ROW_FORMAT = DYNAMIC;

-- ----------------------------
-- Records of pms_comment_replay
-- ----------------------------

-- ----------------------------
-- Table structure for pms_feight_template
-- ----------------------------
DROP TABLE IF EXISTS `pms_feight_template`;
CREATE TABLE `pms_feight_template`  (
  `id` bigint NOT NULL AUTO_INCREMENT,
  `name` varchar(64) CHARACTER SET utf8mb3 COLLATE utf8mb3_general_ci NULL DEFAULT NULL,
  `charge_type` int NULL DEFAULT NULL COMMENT 'и®Ўиҙ№зұ»еһӢ:0->жҢүйҮҚйҮҸпјӣ1->жҢүд»¶ж•°',
  `first_weight` decimal(10, 2) NULL DEFAULT NULL COMMENT 'йҰ–йҮҚkg',
  `first_fee` decimal(10, 2) NULL DEFAULT NULL COMMENT 'йҰ–иҙ№пјҲе…ғпјү',
  `continue_weight` decimal(10, 2) NULL DEFAULT NULL,
  `continme_fee` decimal(10, 2) NULL DEFAULT NULL,
  `dest` varchar(255) CHARACTER SET utf8mb3 COLLATE utf8mb3_general_ci NULL DEFAULT NULL COMMENT 'зӣ®зҡ„ең°пјҲзңҒгҖҒеёӮпјү',
  PRIMARY KEY (`id`) USING BTREE
) ENGINE = InnoDB AUTO_INCREMENT = 1 CHARACTER SET = utf8mb3 COLLATE = utf8mb3_general_ci COMMENT = 'иҝҗиҙ№жЁЎзүҲ' ROW_FORMAT = DYNAMIC;

-- ----------------------------
-- Records of pms_feight_template
-- ----------------------------

-- ----------------------------
-- Table structure for pms_member_price
-- ----------------------------
DROP TABLE IF EXISTS `pms_member_price`;
CREATE TABLE `pms_member_price`  (
  `id` bigint NOT NULL AUTO_INCREMENT,
  `product_id` bigint NULL DEFAULT NULL,
  `member_level_id` bigint NULL DEFAULT NULL,
  `member_price` decimal(10, 2) NULL DEFAULT NULL COMMENT 'дјҡе‘ҳд»·ж ј',
  `member_level_name` varchar(100) CHARACTER SET utf8mb3 COLLATE utf8mb3_general_ci NULL DEFAULT NULL,
  PRIMARY KEY (`id`) USING BTREE
) ENGINE = InnoDB AUTO_INCREMENT = 426 CHARACTER SET = utf8mb3 COLLATE = utf8mb3_general_ci COMMENT = 'е•Ҷе“Ғдјҡе‘ҳд»·ж јиЎЁ' ROW_FORMAT = DYNAMIC;

-- ----------------------------
-- Records of pms_member_price
-- ----------------------------
INSERT INTO `pms_member_price` VALUES (26, 7, 1, 500.00, NULL);
INSERT INTO `pms_member_price` VALUES (27, 8, 1, 500.00, NULL);
INSERT INTO `pms_member_price` VALUES (28, 9, 1, 500.00, NULL);
INSERT INTO `pms_member_price` VALUES (29, 10, 1, 500.00, NULL);
INSERT INTO `pms_member_price` VALUES (30, 11, 1, 500.00, NULL);
INSERT INTO `pms_member_price` VALUES (31, 12, 1, 500.00, NULL);
INSERT INTO `pms_member_price` VALUES (32, 13, 1, 500.00, NULL);
INSERT INTO `pms_member_price` VALUES (33, 14, 1, 500.00, NULL);
INSERT INTO `pms_member_price` VALUES (37, 18, 1, 500.00, NULL);
INSERT INTO `pms_member_price` VALUES (44, 7, 2, 480.00, NULL);
INSERT INTO `pms_member_price` VALUES (45, 7, 3, 450.00, NULL);
INSERT INTO `pms_member_price` VALUES (52, 22, 1, NULL, NULL);
INSERT INTO `pms_member_price` VALUES (53, 22, 2, NULL, NULL);
INSERT INTO `pms_member_price` VALUES (54, 22, 3, NULL, NULL);
INSERT INTO `pms_member_price` VALUES (58, 24, 1, NULL, NULL);
INSERT INTO `pms_member_price` VALUES (59, 24, 2, NULL, NULL);
INSERT INTO `pms_member_price` VALUES (60, 24, 3, NULL, NULL);
INSERT INTO `pms_member_price` VALUES (112, 23, 1, 88.00, 'й»„йҮ‘дјҡе‘ҳ');
INSERT INTO `pms_member_price` VALUES (113, 23, 2, 88.00, 'зҷҪйҮ‘дјҡе‘ҳ');
INSERT INTO `pms_member_price` VALUES (114, 23, 3, 66.00, 'й’»зҹідјҡе‘ҳ');
INSERT INTO `pms_member_price` VALUES (246, 36, 1, NULL, 'й»„йҮ‘дјҡе‘ҳ');
INSERT INTO `pms_member_price` VALUES (247, 36, 2, NULL, 'зҷҪйҮ‘дјҡе‘ҳ');
INSERT INTO `pms_member_price` VALUES (248, 36, 3, NULL, 'й’»зҹідјҡе‘ҳ');
INSERT INTO `pms_member_price` VALUES (249, 35, 1, NULL, 'й»„йҮ‘дјҡе‘ҳ');
INSERT INTO `pms_member_price` VALUES (250, 35, 2, NULL, 'зҷҪйҮ‘дјҡе‘ҳ');
INSERT INTO `pms_member_price` VALUES (251, 35, 3, NULL, 'й’»зҹідјҡе‘ҳ');
INSERT INTO `pms_member_price` VALUES (258, 30, 1, NULL, 'й»„йҮ‘дјҡе‘ҳ');
INSERT INTO `pms_member_price` VALUES (259, 30, 2, NULL, 'зҷҪйҮ‘дјҡе‘ҳ');
INSERT INTO `pms_member_price` VALUES (260, 30, 3, NULL, 'й’»зҹідјҡе‘ҳ');
INSERT INTO `pms_member_price` VALUES (261, 31, 1, NULL, 'й»„йҮ‘дјҡе‘ҳ');
INSERT INTO `pms_member_price` VALUES (262, 31, 2, NULL, 'зҷҪйҮ‘дјҡе‘ҳ');
INSERT INTO `pms_member_price` VALUES (263, 31, 3, NULL, 'й’»зҹідјҡе‘ҳ');
INSERT INTO `pms_member_price` VALUES (264, 32, 1, NULL, 'й»„йҮ‘дјҡе‘ҳ');
INSERT INTO `pms_member_price` VALUES (265, 32, 2, NULL, 'зҷҪйҮ‘дјҡе‘ҳ');
INSERT INTO `pms_member_price` VALUES (266, 32, 3, NULL, 'й’»зҹідјҡе‘ҳ');
INSERT INTO `pms_member_price` VALUES (270, 33, 1, NULL, 'й»„йҮ‘дјҡе‘ҳ');
INSERT INTO `pms_member_price` VALUES (271, 33, 2, NULL, 'зҷҪйҮ‘дјҡе‘ҳ');
INSERT INTO `pms_member_price` VALUES (272, 33, 3, NULL, 'й’»зҹідјҡе‘ҳ');
INSERT INTO `pms_member_price` VALUES (273, 34, 1, NULL, 'й»„йҮ‘дјҡе‘ҳ');
INSERT INTO `pms_member_price` VALUES (274, 34, 2, NULL, 'зҷҪйҮ‘дјҡе‘ҳ');
INSERT INTO `pms_member_price` VALUES (275, 34, 3, NULL, 'й’»зҹідјҡе‘ҳ');
INSERT INTO `pms_member_price` VALUES (285, 27, 1, NULL, 'й»„йҮ‘дјҡе‘ҳ');
INSERT INTO `pms_member_price` VALUES (286, 27, 2, NULL, 'зҷҪйҮ‘дјҡе‘ҳ');
INSERT INTO `pms_member_price` VALUES (287, 27, 3, NULL, 'й’»зҹідјҡе‘ҳ');
INSERT INTO `pms_member_price` VALUES (294, 28, 1, NULL, 'й»„йҮ‘дјҡе‘ҳ');
INSERT INTO `pms_member_price` VALUES (295, 28, 2, NULL, 'зҷҪйҮ‘дјҡе‘ҳ');
INSERT INTO `pms_member_price` VALUES (296, 28, 3, NULL, 'й’»зҹідјҡе‘ҳ');
INSERT INTO `pms_member_price` VALUES (297, 29, 1, NULL, 'й»„йҮ‘дјҡе‘ҳ');
INSERT INTO `pms_member_price` VALUES (298, 29, 2, NULL, 'зҷҪйҮ‘дјҡе‘ҳ');
INSERT INTO `pms_member_price` VALUES (299, 29, 3, NULL, 'й’»зҹідјҡе‘ҳ');
INSERT INTO `pms_member_price` VALUES (315, 37, 1, NULL, 'й»„йҮ‘дјҡе‘ҳ');
INSERT INTO `pms_member_price` VALUES (316, 37, 2, NULL, 'зҷҪйҮ‘дјҡе‘ҳ');
INSERT INTO `pms_member_price` VALUES (317, 37, 3, NULL, 'й’»зҹідјҡе‘ҳ');
INSERT INTO `pms_member_price` VALUES (381, 38, 1, NULL, 'й»„йҮ‘дјҡе‘ҳ');
INSERT INTO `pms_member_price` VALUES (382, 38, 2, NULL, 'зҷҪйҮ‘дјҡе‘ҳ');
INSERT INTO `pms_member_price` VALUES (383, 38, 3, NULL, 'й’»зҹідјҡе‘ҳ');
INSERT INTO `pms_member_price` VALUES (384, 39, 1, NULL, 'й»„йҮ‘дјҡе‘ҳ');
INSERT INTO `pms_member_price` VALUES (385, 39, 2, NULL, 'зҷҪйҮ‘дјҡе‘ҳ');
INSERT INTO `pms_member_price` VALUES (386, 39, 3, NULL, 'й’»зҹідјҡе‘ҳ');
INSERT INTO `pms_member_price` VALUES (387, 41, 1, NULL, 'й»„йҮ‘дјҡе‘ҳ');
INSERT INTO `pms_member_price` VALUES (388, 41, 2, NULL, 'зҷҪйҮ‘дјҡе‘ҳ');
INSERT INTO `pms_member_price` VALUES (389, 41, 3, NULL, 'й’»зҹідјҡе‘ҳ');
INSERT INTO `pms_member_price` VALUES (390, 42, 1, NULL, 'й»„йҮ‘дјҡе‘ҳ');
INSERT INTO `pms_member_price` VALUES (391, 42, 2, NULL, 'зҷҪйҮ‘дјҡе‘ҳ');
INSERT INTO `pms_member_price` VALUES (392, 42, 3, NULL, 'й’»зҹідјҡе‘ҳ');
INSERT INTO `pms_member_price` VALUES (393, 43, 1, NULL, 'й»„йҮ‘дјҡе‘ҳ');
INSERT INTO `pms_member_price` VALUES (394, 43, 2, NULL, 'зҷҪйҮ‘дјҡе‘ҳ');
INSERT INTO `pms_member_price` VALUES (395, 43, 3, NULL, 'й’»зҹідјҡе‘ҳ');
INSERT INTO `pms_member_price` VALUES (396, 44, 1, NULL, 'й»„йҮ‘дјҡе‘ҳ');
INSERT INTO `pms_member_price` VALUES (397, 44, 2, NULL, 'зҷҪйҮ‘дјҡе‘ҳ');
INSERT INTO `pms_member_price` VALUES (398, 44, 3, NULL, 'й’»зҹідјҡе‘ҳ');
INSERT INTO `pms_member_price` VALUES (399, 45, 1, NULL, 'й»„йҮ‘дјҡе‘ҳ');
INSERT INTO `pms_member_price` VALUES (400, 45, 2, NULL, 'зҷҪйҮ‘дјҡе‘ҳ');
INSERT INTO `pms_member_price` VALUES (401, 45, 3, NULL, 'й’»зҹідјҡе‘ҳ');
INSERT INTO `pms_member_price` VALUES (402, 40, 1, NULL, 'й»„йҮ‘дјҡе‘ҳ');
INSERT INTO `pms_member_price` VALUES (403, 40, 2, NULL, 'зҷҪйҮ‘дјҡе‘ҳ');
INSERT INTO `pms_member_price` VALUES (404, 40, 3, NULL, 'й’»зҹідјҡе‘ҳ');
INSERT INTO `pms_member_price` VALUES (423, 26, 1, NULL, 'й»„йҮ‘дјҡе‘ҳ');
INSERT INTO `pms_member_price` VALUES (424, 26, 2, NULL, 'зҷҪйҮ‘дјҡе‘ҳ');
INSERT INTO `pms_member_price` VALUES (425, 26, 3, NULL, 'й’»зҹідјҡе‘ҳ');

-- ----------------------------
-- Table structure for pms_product
-- ----------------------------
DROP TABLE IF EXISTS `pms_product`;
CREATE TABLE `pms_product`  (
  `id` bigint NOT NULL AUTO_INCREMENT,
  `brand_id` bigint NULL DEFAULT NULL,
  `product_category_id` bigint NULL DEFAULT NULL,
  `feight_template_id` bigint NULL DEFAULT NULL,
  `product_attribute_category_id` bigint NULL DEFAULT NULL,
  `name` varchar(200) CHARACTER SET utf8mb3 COLLATE utf8mb3_general_ci NOT NULL,
  `pic` varchar(255) CHARACTER SET utf8mb3 COLLATE utf8mb3_general_ci NULL DEFAULT NULL,
  `product_sn` varchar(64) CHARACTER SET utf8mb3 COLLATE utf8mb3_general_ci NOT NULL COMMENT 'иҙ§еҸ·',
  `delete_status` int NULL DEFAULT NULL COMMENT 'еҲ йҷӨзҠ¶жҖҒпјҡ0->жңӘеҲ йҷӨпјӣ1->е·ІеҲ йҷӨ',
  `publish_status` int NULL DEFAULT NULL COMMENT 'дёҠжһ¶зҠ¶жҖҒпјҡ0->дёӢжһ¶пјӣ1->дёҠжһ¶',
  `new_status` int NULL DEFAULT NULL COMMENT 'ж–°е“ҒзҠ¶жҖҒ:0->дёҚжҳҜж–°е“Ғпјӣ1->ж–°е“Ғ',
  `recommand_status` int NULL DEFAULT NULL COMMENT 'жҺЁиҚҗзҠ¶жҖҒпјӣ0->дёҚжҺЁиҚҗпјӣ1->жҺЁиҚҗ',
  `verify_status` int NULL DEFAULT NULL COMMENT 'е®Ўж ёзҠ¶жҖҒпјҡ0->жңӘе®Ўж ёпјӣ1->е®Ўж ёйҖҡиҝҮ',
  `sort` int NULL DEFAULT NULL COMMENT 'жҺ’еәҸ',
  `sale` int NULL DEFAULT NULL COMMENT 'й”ҖйҮҸ',
  `price` decimal(10, 2) NULL DEFAULT NULL,
  `promotion_price` decimal(10, 2) NULL DEFAULT NULL COMMENT 'дҝғй”Җд»·ж ј',
  `gift_growth` int NULL DEFAULT 0 COMMENT 'иө йҖҒзҡ„жҲҗй•ҝеҖј',
  `gift_point` int NULL DEFAULT 0 COMMENT 'иө йҖҒзҡ„з§ҜеҲҶ',
  `use_point_limit` int NULL DEFAULT NULL COMMENT 'йҷҗеҲ¶дҪҝз”Ёзҡ„з§ҜеҲҶж•°',
  `sub_title` varchar(255) CHARACTER SET utf8mb3 COLLATE utf8mb3_general_ci NULL DEFAULT NULL COMMENT 'еүҜж Үйўҳ',
  `description` text CHARACTER SET utf8mb3 COLLATE utf8mb3_general_ci NULL COMMENT 'е•Ҷе“ҒжҸҸиҝ°',
  `original_price` decimal(10, 2) NULL DEFAULT NULL COMMENT 'еёӮеңәд»·',
  `stock` int NULL DEFAULT NULL COMMENT 'еә“еӯҳ',
  `low_stock` int NULL DEFAULT NULL COMMENT 'еә“еӯҳйў„иӯҰеҖј',
  `unit` varchar(16) CHARACTER SET utf8mb3 COLLATE utf8mb3_general_ci NULL DEFAULT NULL COMMENT 'еҚ•дҪҚ',
  `weight` decimal(10, 2) NULL DEFAULT NULL COMMENT 'е•Ҷе“ҒйҮҚйҮҸпјҢй»ҳи®Өдёәе…Ӣ',
  `preview_status` int NULL DEFAULT NULL COMMENT 'жҳҜеҗҰдёәйў„е‘Ҡе•Ҷе“Ғпјҡ0->дёҚжҳҜпјӣ1->жҳҜ',
  `service_ids` varchar(64) CHARACTER SET utf8mb3 COLLATE utf8mb3_general_ci NULL DEFAULT NULL COMMENT 'д»ҘйҖ—еҸ·еҲҶеүІзҡ„дә§е“ҒжңҚеҠЎпјҡ1->ж— еҝ§йҖҖиҙ§пјӣ2->еҝ«йҖҹйҖҖж¬ҫпјӣ3->е…Қиҙ№еҢ…йӮ®',
  `keywords` varchar(255) CHARACTER SET utf8mb3 COLLATE utf8mb3_general_ci NULL DEFAULT NULL,
  `note` varchar(255) CHARACTER SET utf8mb3 COLLATE utf8mb3_general_ci NULL DEFAULT NULL,
  `album_pics` varchar(255) CHARACTER SET utf8mb3 COLLATE utf8mb3_general_ci NULL DEFAULT NULL COMMENT 'з”»еҶҢеӣҫзүҮпјҢиҝһдә§е“ҒеӣҫзүҮйҷҗеҲ¶дёә5еј пјҢд»ҘйҖ—еҸ·еҲҶеүІ',
  `detail_title` varchar(255) CHARACTER SET utf8mb3 COLLATE utf8mb3_general_ci NULL DEFAULT NULL,
  `detail_desc` text CHARACTER SET utf8mb3 COLLATE utf8mb3_general_ci NULL,
  `detail_html` text CHARACTER SET utf8mb3 COLLATE utf8mb3_general_ci NULL COMMENT 'дә§е“ҒиҜҰжғ…зҪ‘йЎөеҶ…е®№',
  `detail_mobile_html` text CHARACTER SET utf8mb3 COLLATE utf8mb3_general_ci NULL COMMENT 'з§»еҠЁз«ҜзҪ‘йЎөиҜҰжғ…',
  `promotion_start_time` datetime NULL DEFAULT NULL COMMENT 'дҝғй”ҖејҖе§Ӣж—¶й—ҙ',
  `promotion_end_time` datetime NULL DEFAULT NULL COMMENT 'дҝғй”Җз»“жқҹж—¶й—ҙ',
  `promotion_per_limit` int NULL DEFAULT NULL COMMENT 'жҙ»еҠЁйҷҗиҙӯж•°йҮҸ',
  `promotion_type` int NULL DEFAULT NULL COMMENT 'дҝғй”Җзұ»еһӢпјҡ0->жІЎжңүдҝғй”ҖдҪҝз”ЁеҺҹд»·;1->дҪҝз”Ёдҝғй”Җд»·пјӣ2->дҪҝз”Ёдјҡе‘ҳд»·пјӣ3->дҪҝз”Ёйҳ¶жўҜд»·ж јпјӣ4->дҪҝз”Ёж»ЎеҮҸд»·ж јпјӣ5->йҷҗж—¶иҙӯ',
  `brand_name` varchar(255) CHARACTER SET utf8mb3 COLLATE utf8mb3_general_ci NULL DEFAULT NULL COMMENT 'е“ҒзүҢеҗҚз§°',
  `product_category_name` varchar(255) CHARACTER SET utf8mb3 COLLATE utf8mb3_general_ci NULL DEFAULT NULL COMMENT 'е•Ҷе“ҒеҲҶзұ»еҗҚз§°',
  PRIMARY KEY (`id`) USING BTREE
) ENGINE = InnoDB AUTO_INCREMENT = 46 CHARACTER SET = utf8mb3 COLLATE = utf8mb3_general_ci COMMENT = 'е•Ҷе“ҒдҝЎжҒҜ' ROW_FORMAT = DYNAMIC;

-- ----------------------------
-- Records of pms_product
-- ----------------------------
INSERT INTO `pms_product` VALUES (1, 49, 7, 0, 0, 'й“¶иүІжҳҹиҠ’еҲәз»ЈзҪ‘зәұеә•иЈӨ', 'http://macro-oss.oss-cn-shenzhen.aliyuncs.com/mall/images/20180522/web.png', 'No86577', 1, 1, 1, 1, 1, 100, 0, 100.00, NULL, 0, 100, NULL, '111', '111', 120.00, 100, 20, 'д»¶', 1000.00, 0, NULL, 'й“¶иүІжҳҹиҠ’еҲәз»ЈзҪ‘зәұеә•иЈӨ', 'й“¶иүІжҳҹиҠ’еҲәз»ЈзҪ‘зәұеә•иЈӨ', NULL, 'й“¶иүІжҳҹиҠ’еҲәз»ЈзҪ‘зәұеә•иЈӨ', 'й“¶иүІжҳҹиҠ’еҲәз»ЈзҪ‘зәұеә•иЈӨ', 'й“¶иүІжҳҹиҠ’еҲәз»ЈзҪ‘зәұеә•иЈӨ', 'й“¶иүІжҳҹиҠ’еҲәз»ЈзҪ‘зәұеә•иЈӨ', NULL, NULL, NULL, 0, 'дёғеҢ№зӢј', 'еӨ–еҘ—');
INSERT INTO `pms_product` VALUES (2, 49, 7, 0, 0, 'й“¶иүІжҳҹиҠ’еҲәз»ЈзҪ‘зәұеә•иЈӨ2', 'http://macro-oss.oss-cn-shenzhen.aliyuncs.com/mall/images/20180522/web.png', 'No86578', 1, 1, 1, 1, 1, 1, 0, 100.00, NULL, 0, 100, NULL, '111', '111', 120.00, 100, 20, 'д»¶', 1000.00, 0, NULL, 'й“¶иүІжҳҹиҠ’еҲәз»ЈзҪ‘зәұеә•иЈӨ2', 'й“¶иүІжҳҹиҠ’еҲәз»ЈзҪ‘зәұеә•иЈӨ', NULL, 'й“¶иүІжҳҹиҠ’еҲәз»ЈзҪ‘зәұеә•иЈӨ', 'й“¶иүІжҳҹиҠ’еҲәз»ЈзҪ‘зәұеә•иЈӨ', '<p>й“¶иүІжҳҹиҠ’еҲәз»ЈзҪ‘зәұеә•иЈӨ</p>', '<p>й“¶иүІжҳҹиҠ’еҲәз»ЈзҪ‘зәұеә•иЈӨ</p>', NULL, NULL, NULL, 0, 'дёғеҢ№зӢј', 'еӨ–еҘ—');
INSERT INTO `pms_product` VALUES (3, 1, 7, 0, 0, 'й“¶иүІжҳҹиҠ’еҲәз»ЈзҪ‘зәұеә•иЈӨ3', 'http://macro-oss.oss-cn-shenzhen.aliyuncs.com/mall/images/20180522/web.png', 'No86579', 1, 1, 1, 1, 1, 1, 0, 100.00, NULL, 0, 100, NULL, '111', '111', 120.00, 100, 20, 'д»¶', 1000.00, 0, NULL, 'й“¶иүІжҳҹиҠ’еҲәз»ЈзҪ‘зәұеә•иЈӨ3', 'й“¶иүІжҳҹиҠ’еҲәз»ЈзҪ‘зәұеә•иЈӨ', NULL, 'й“¶иүІжҳҹиҠ’еҲәз»ЈзҪ‘зәұеә•иЈӨ', 'й“¶иүІжҳҹиҠ’еҲәз»ЈзҪ‘зәұеә•иЈӨ', 'й“¶иүІжҳҹиҠ’еҲәз»ЈзҪ‘зәұеә•иЈӨ', 'й“¶иүІжҳҹиҠ’еҲәз»ЈзҪ‘зәұеә•иЈӨ', NULL, NULL, NULL, 0, 'дёҮе’Ң', 'еӨ–еҘ—');
INSERT INTO `pms_product` VALUES (4, 1, 7, 0, 0, 'й“¶иүІжҳҹиҠ’еҲәз»ЈзҪ‘зәұеә•иЈӨ4', 'http://macro-oss.oss-cn-shenzhen.aliyuncs.com/mall/images/20180522/web.png', 'No86580', 1, 1, 1, 1, 1, 1, 0, 100.00, NULL, 0, 100, NULL, '111', '111', 120.00, 100, 20, 'д»¶', 1000.00, 0, NULL, 'й“¶иүІжҳҹиҠ’еҲәз»ЈзҪ‘зәұеә•иЈӨ4', 'й“¶иүІжҳҹиҠ’еҲәз»ЈзҪ‘зәұеә•иЈӨ', NULL, 'й“¶иүІжҳҹиҠ’еҲәз»ЈзҪ‘зәұеә•иЈӨ', 'й“¶иүІжҳҹиҠ’еҲәз»ЈзҪ‘зәұеә•иЈӨ', 'й“¶иүІжҳҹиҠ’еҲәз»ЈзҪ‘зәұеә•иЈӨ', 'й“¶иүІжҳҹиҠ’еҲәз»ЈзҪ‘зәұеә•иЈӨ', NULL, NULL, NULL, 0, 'дёҮе’Ң', 'еӨ–еҘ—');
INSERT INTO `pms_product` VALUES (5, 1, 7, 0, 0, 'й“¶иүІжҳҹиҠ’еҲәз»ЈзҪ‘зәұеә•иЈӨ5', 'http://macro-oss.oss-cn-shenzhen.aliyuncs.com/mall/images/20180522/web.png', 'No86581', 1, 0, 1, 1, 1, 1, 0, 100.00, NULL, 0, 100, NULL, '111', '111', 120.00, 100, 20, 'д»¶', 1000.00, 0, NULL, 'й“¶иүІжҳҹиҠ’еҲәз»ЈзҪ‘зәұеә•иЈӨ5', 'й“¶иүІжҳҹиҠ’еҲәз»ЈзҪ‘зәұеә•иЈӨ', NULL, 'й“¶иүІжҳҹиҠ’еҲәз»ЈзҪ‘зәұеә•иЈӨ', 'й“¶иүІжҳҹиҠ’еҲәз»ЈзҪ‘зәұеә•иЈӨ', 'й“¶иүІжҳҹиҠ’еҲәз»ЈзҪ‘зәұеә•иЈӨ', 'й“¶иүІжҳҹиҠ’еҲәз»ЈзҪ‘зәұеә•иЈӨ', NULL, NULL, NULL, 0, 'дёҮе’Ң', 'еӨ–еҘ—');
INSERT INTO `pms_product` VALUES (6, 1, 7, 0, 0, 'й“¶иүІжҳҹиҠ’еҲәз»ЈзҪ‘зәұеә•иЈӨ6', 'http://macro-oss.oss-cn-shenzhen.aliyuncs.com/mall/images/20180522/web.png', 'No86582', 1, 1, 1, 1, 1, 1, 0, 100.00, NULL, 0, 100, NULL, '111', '111', 120.00, 100, 20, 'д»¶', 1000.00, 0, NULL, 'й“¶иүІжҳҹиҠ’еҲәз»ЈзҪ‘зәұеә•иЈӨ6', 'й“¶иүІжҳҹиҠ’еҲәз»ЈзҪ‘зәұеә•иЈӨ', NULL, 'й“¶иүІжҳҹиҠ’еҲәз»ЈзҪ‘зәұеә•иЈӨ', 'й“¶иүІжҳҹиҠ’еҲәз»ЈзҪ‘зәұеә•иЈӨ', 'й“¶иүІжҳҹиҠ’еҲәз»ЈзҪ‘зәұеә•иЈӨ', 'й“¶иүІжҳҹиҠ’еҲәз»ЈзҪ‘зәұеә•иЈӨ', NULL, NULL, NULL, 0, 'дёҮе’Ң', 'еӨ–еҘ—');
INSERT INTO `pms_product` VALUES (7, 1, 7, 0, 1, 'еҘіејҸи¶…жҹ”иҪҜжӢүжҜӣиҝҗеҠЁејҖиЎ«', 'http://macro-oss.oss-cn-shenzhen.aliyuncs.com/mall/images/20180522/web.png', 'No86577', 1, 0, 0, 0, 0, 0, 0, 249.00, 0.00, 0, 100, 0, 'еҢ еҝғеүӘиЈҒпјҢеһӮж„ҹиҙЁең°', 'еҢ еҝғеүӘиЈҒпјҢеһӮж„ҹиҙЁең°', 299.00, 100, 0, 'д»¶', 0.00, 0, 'string', 'еҘіејҸи¶…жҹ”иҪҜжӢүжҜӣиҝҗеҠЁејҖиЎ«', 'string', 'string', 'string', 'string', 'string', 'string', '2018-04-26 10:41:03', '2018-04-26 10:41:03', 0, 0, 'дёҮе’Ң', 'еӨ–еҘ—');
INSERT INTO `pms_product` VALUES (8, 1, 7, 0, 1, 'еҘіејҸи¶…жҹ”иҪҜжӢүжҜӣиҝҗеҠЁејҖиЎ«1', 'http://macro-oss.oss-cn-shenzhen.aliyuncs.com/mall/images/20180522/web.png', 'No86577', 1, 0, 0, 0, 0, 0, 0, 249.00, 0.00, 0, 100, 0, 'еҢ еҝғеүӘиЈҒпјҢеһӮж„ҹиҙЁең°', 'еҢ еҝғеүӘиЈҒпјҢеһӮж„ҹиҙЁең°', 299.00, 100, 0, 'д»¶', 0.00, 0, 'string', 'еҘіејҸи¶…жҹ”иҪҜжӢүжҜӣиҝҗеҠЁејҖиЎ«', 'string', 'string', 'string', 'string', 'string', 'string', '2018-04-26 10:41:03', '2018-04-26 10:41:03', 0, 0, 'дёҮе’Ң', 'еӨ–еҘ—');
INSERT INTO `pms_product` VALUES (9, 1, 7, 0, 1, 'еҘіејҸи¶…жҹ”иҪҜжӢүжҜӣиҝҗеҠЁејҖиЎ«1', 'http://macro-oss.oss-cn-shenzhen.aliyuncs.com/mall/images/20180522/web.png', 'No86577', 1, 0, 0, 0, 0, 0, 0, 249.00, 0.00, 0, 100, 0, 'еҢ еҝғеүӘиЈҒпјҢеһӮж„ҹиҙЁең°', 'еҢ еҝғеүӘиЈҒпјҢеһӮж„ҹиҙЁең°', 299.00, 100, 0, 'д»¶', 0.00, 0, 'string', 'еҘіејҸи¶…жҹ”иҪҜжӢүжҜӣиҝҗеҠЁејҖиЎ«', 'string', 'string', 'string', 'string', 'string', 'string', '2018-04-26 10:41:03', '2018-04-26 10:41:03', 0, 0, 'дёҮе’Ң', 'еӨ–еҘ—');
INSERT INTO `pms_product` VALUES (10, 1, 7, 0, 1, 'еҘіејҸи¶…жҹ”иҪҜжӢүжҜӣиҝҗеҠЁејҖиЎ«1', 'http://macro-oss.oss-cn-shenzhen.aliyuncs.com/mall/images/20180522/web.png', 'No86577', 1, 0, 0, 0, 0, 0, 0, 249.00, 0.00, 0, 100, 0, 'еҢ еҝғеүӘиЈҒпјҢеһӮж„ҹиҙЁең°', 'еҢ еҝғеүӘиЈҒпјҢеһӮж„ҹиҙЁең°', 299.00, 100, 0, 'д»¶', 0.00, 0, 'string', 'еҘіејҸи¶…жҹ”иҪҜжӢүжҜӣиҝҗеҠЁејҖиЎ«', 'string', 'string', 'string', 'string', 'string', 'string', '2018-04-26 10:41:03', '2018-04-26 10:41:03', 0, 0, 'дёҮе’Ң', 'еӨ–еҘ—');
INSERT INTO `pms_product` VALUES (11, 1, 7, 0, 1, 'еҘіејҸи¶…жҹ”иҪҜжӢүжҜӣиҝҗеҠЁејҖиЎ«1', 'http://macro-oss.oss-cn-shenzhen.aliyuncs.com/mall/images/20180522/web.png', 'No86577', 1, 1, 0, 1, 0, 0, 0, 249.00, 0.00, 0, 100, 0, 'еҢ еҝғеүӘиЈҒпјҢеһӮж„ҹиҙЁең°', 'еҢ еҝғеүӘиЈҒпјҢеһӮж„ҹиҙЁең°', 299.00, 100, 0, 'д»¶', 0.00, 0, 'string', 'еҘіејҸи¶…жҹ”иҪҜжӢүжҜӣиҝҗеҠЁејҖиЎ«', 'string', 'string', 'string', 'string', 'string', 'string', '2018-04-26 10:41:03', '2018-04-26 10:41:03', 0, 0, 'дёҮе’Ң', 'еӨ–еҘ—');
INSERT INTO `pms_product` VALUES (12, 1, 7, 0, 1, 'еҘіејҸи¶…жҹ”иҪҜжӢүжҜӣиҝҗеҠЁејҖиЎ«2', 'http://macro-oss.oss-cn-shenzhen.aliyuncs.com/mall/images/20180522/web.png', 'No86577', 1, 1, 0, 1, 0, 0, 0, 249.00, 0.00, 0, 100, 0, 'еҢ еҝғеүӘиЈҒпјҢеһӮж„ҹиҙЁең°', 'еҢ еҝғеүӘиЈҒпјҢеһӮж„ҹиҙЁең°', 299.00, 100, 0, 'д»¶', 0.00, 0, 'string', 'еҘіејҸи¶…жҹ”иҪҜжӢүжҜӣиҝҗеҠЁејҖиЎ«', 'string', 'string', 'string', 'string', 'string', 'string', '2018-04-26 10:41:03', '2018-04-26 10:41:03', 0, 0, 'дёҮе’Ң', 'еӨ–еҘ—');
INSERT INTO `pms_product` VALUES (13, 1, 7, 0, 1, 'еҘіејҸи¶…жҹ”иҪҜжӢүжҜӣиҝҗеҠЁејҖиЎ«3', 'http://macro-oss.oss-cn-shenzhen.aliyuncs.com/mall/images/20180522/web.png', 'No86577', 1, 1, 0, 1, 0, 0, 0, 249.00, 0.00, 0, 100, 0, 'еҢ еҝғеүӘиЈҒпјҢеһӮж„ҹиҙЁең°', 'еҢ еҝғеүӘиЈҒпјҢеһӮж„ҹиҙЁең°', 299.00, 100, 0, 'д»¶', 0.00, 0, 'string', 'еҘіејҸи¶…жҹ”иҪҜжӢүжҜӣиҝҗеҠЁејҖиЎ«', 'string', 'string', 'string', 'string', 'string', 'string', '2018-04-26 10:41:03', '2018-04-26 10:41:03', 0, 0, 'дёҮе’Ң', 'еӨ–еҘ—');
INSERT INTO `pms_product` VALUES (14, 1, 7, 0, 1, 'еҘіејҸи¶…жҹ”иҪҜжӢүжҜӣиҝҗеҠЁејҖиЎ«3', 'http://macro-oss.oss-cn-shenzhen.aliyuncs.com/mall/images/20180522/web.png', 'No86577', 1, 0, 0, 1, 0, 0, 0, 249.00, 0.00, 0, 100, 0, 'еҢ еҝғеүӘиЈҒпјҢеһӮж„ҹиҙЁең°', 'еҢ еҝғеүӘиЈҒпјҢеһӮж„ҹиҙЁең°', 299.00, 100, 0, 'д»¶', 0.00, 0, 'string', 'еҘіејҸи¶…жҹ”иҪҜжӢүжҜӣиҝҗеҠЁејҖиЎ«', 'string', 'string', 'string', 'string', 'string', 'string', '2018-04-26 10:41:03', '2018-04-26 10:41:03', 0, 0, 'дёҮе’Ң', 'еӨ–еҘ—');
INSERT INTO `pms_product` VALUES (18, 1, 7, 0, 1, 'еҘіејҸи¶…жҹ”иҪҜжӢүжҜӣиҝҗеҠЁејҖиЎ«3', 'http://macro-oss.oss-cn-shenzhen.aliyuncs.com/mall/images/20180522/web.png', 'No86577', 1, 0, 0, 1, 0, 0, 0, 249.00, 0.00, 0, 100, 0, 'еҢ еҝғеүӘиЈҒпјҢеһӮж„ҹиҙЁең°', 'еҢ еҝғеүӘиЈҒпјҢеһӮж„ҹиҙЁең°', 299.00, 100, 0, 'д»¶', 0.00, 0, 'string', 'еҘіејҸи¶…жҹ”иҪҜжӢүжҜӣиҝҗеҠЁејҖиЎ«', 'string', 'string', 'string', 'string', 'string', 'string', '2018-04-26 10:41:03', '2018-04-26 10:41:03', 0, 0, 'дёҮе’Ң', 'еӨ–еҘ—');
INSERT INTO `pms_product` VALUES (22, 6, 7, 0, 1, 'test', 'http://macro-oss.oss-cn-shenzhen.aliyuncs.com/mall/images/20180604/1522738681.jpg', '', 1, 1, 0, 0, 0, 0, 0, 0.00, NULL, 0, 0, 0, 'test', '', 0.00, 100, 0, '', 0.00, 1, '1,2', '', '', '', '', '', '', '', NULL, NULL, 0, 0, 'е°Ҹзұі', 'еӨ–еҘ—');
INSERT INTO `pms_product` VALUES (23, 6, 19, 0, 1, 'жҜӣиЎ«жөӢиҜ•', 'http://macro-oss.oss-cn-shenzhen.aliyuncs.com/mall/images/20180604/1522738681.jpg', 'NO.1098', 1, 1, 1, 1, 0, 0, 0, 99.00, NULL, 99, 99, 1000, 'жҜӣиЎ«жөӢиҜ•11', 'xxx', 109.00, 100, 0, 'д»¶', 1000.00, 1, '1,2,3', 'жҜӣиЎ«жөӢиҜ•', 'жҜӣиЎ«жөӢиҜ•', 'http://macro-oss.oss-cn-shenzhen.aliyuncs.com/mall/images/20180604/1522738681.jpg,http://macro-oss.oss-cn-shenzhen.aliyuncs.com/mall/images/20180604/1522738681.jpg', 'жҜӣиЎ«жөӢиҜ•', 'жҜӣиЎ«жөӢиҜ•', '<p><img class=\"wscnph\" src=\"http://macro-oss.oss-cn-shenzhen.aliyuncs.com/mall/images/20180604/155x54.bmp\" /><img class=\"wscnph\" src=\"http://macro-oss.oss-cn-shenzhen.aliyuncs.com/mall/images/20180604/APPзҷ»еҪ•bg1080.jpg\" width=\"500\" height=\"500\" /><img class=\"wscnph\" src=\"http://macro-oss.oss-cn-shenzhen.aliyuncs.com/mall/images/20180604/APPзҷ»еҪ•з•Ңйқў.jpg\" width=\"500\" height=\"500\" /></p>', '', NULL, NULL, 0, 2, 'е°Ҹзұі', 'жүӢжңәж•°з Ғ');
INSERT INTO `pms_product` VALUES (24, 6, 7, 0, NULL, 'xxx', '', '', 1, 0, 0, 0, 0, 0, 0, 0.00, NULL, 0, 0, 0, 'xxx', '', 0.00, 100, 0, '', 0.00, 0, '', '', '', '', '', '', '', '', NULL, NULL, 0, 0, 'е°Ҹзұі', 'еӨ–еҘ—');
INSERT INTO `pms_product` VALUES (26, 3, 19, 0, 3, 'еҚҺдёә HUAWEI P20 ', 'http://macro-oss.oss-cn-shenzhen.aliyuncs.com/mall/images/20180607/5ac1bf58Ndefaac16.jpg', '6946605', 0, 1, 1, 0, 0, 100, 100, 3788.00, 3659.00, 3788, 3788, 0, 'AIжҷәж…§е…ЁйқўеұҸ 6GB +64GB дә®й»‘иүІ е…ЁзҪ‘йҖҡзүҲ з§»еҠЁиҒ”йҖҡз”өдҝЎ4GжүӢжңә еҸҢеҚЎеҸҢеҫ…жүӢжңә еҸҢеҚЎеҸҢеҫ…', '', 4288.00, 1000, 0, 'д»¶', 0.00, 1, '2,3,1', '', '', 'http://macro-oss.oss-cn-shenzhen.aliyuncs.com/mall/images/20180607/5ab46a3cN616bdc41.jpg,http://macro-oss.oss-cn-shenzhen.aliyuncs.com/mall/images/20180607/5ac1bf5fN2522b9dc.jpg', '', '', '<p><img class=\"wscnph\" src=\"http://macro-oss.oss-cn-shenzhen.aliyuncs.com/mall/images/20180607/5ad44f1cNf51f3bb0.jpg\" /><img class=\"wscnph\" src=\"http://macro-oss.oss-cn-shenzhen.aliyuncs.com/mall/images/20180607/5ad44fa8Nfcf71c10.jpg\" /><img class=\"wscnph\" src=\"http://macro-oss.oss-cn-shenzhen.aliyuncs.com/mall/images/20180607/5ad44fa9N40e78ee0.jpg\" /><img class=\"wscnph\" src=\"http://macro-oss.oss-cn-shenzhen.aliyuncs.com/mall/images/20180607/5ad457f4N1c94bdda.jpg\" /><img class=\"wscnph\" src=\"http://macro-oss.oss-cn-shenzhen.aliyuncs.com/mall/images/20180607/5ad457f5Nd30de41d.jpg\" /><img class=\"wscnph\" src=\"http://macro-oss.oss-cn-shenzhen.aliyuncs.com/mall/images/20180607/5b10fb0eN0eb053fb.jpg\" /></p>', '<p><img src=\"//img20.360buyimg.com/vc/jfs/t1/81293/35/5822/369414/5d3fe77cE619c5487/6e775a52850feea5.jpg!q70.dpg.webp\" alt=\"\" width=\"750\" height=\"776\" /></p>\n<p><img src=\"//img20.360buyimg.com/vc/jfs/t1/45300/25/11592/3658871/5d85ef66E92a8a911/083e47d8f662c582.jpg!q70.dpg.webp\" alt=\"\" width=\"596\" height=\"16383\" /></p>', '2023-01-10 15:49:38', '2023-01-31 00:00:00', 0, 1, 'еҚҺдёә', 'жүӢжңәйҖҡи®Ҝ');
INSERT INTO `pms_product` VALUES (27, 6, 19, 0, 3, 'е°Ҹзұі8 е…ЁйқўеұҸжёёжҲҸжҷәиғҪжүӢжңә 6GB+64GB й»‘иүІ е…ЁзҪ‘йҖҡ4G еҸҢеҚЎеҸҢеҫ…', 'http://macro-oss.oss-cn-shenzhen.aliyuncs.com/mall/images/20180615/xiaomi.jpg', '7437788', 0, 1, 1, 1, 0, 0, 99, 2699.00, NULL, 2699, 2699, 0, 'йӘҒйҫҷ845еӨ„зҗҶеҷЁпјҢзәўеӨ–дәәи„ёи§Јй”ҒпјҢAIеҸҳз„ҰеҸҢж‘„пјҢAIиҜӯйҹіеҠ©жүӢе°Ҹзұі6XдҪҺиҮі1299пјҢзӮ№еҮ»жҠўиҙӯ', 'е°Ҹзұі8 е…ЁйқўеұҸжёёжҲҸжҷәиғҪжүӢжңә 6GB+64GB й»‘иүІ е…ЁзҪ‘йҖҡ4G еҸҢеҚЎеҸҢеҫ…', 2699.00, 100, 0, '', 0.00, 0, '1', '', '', '', '', '', '<p style=\"text-align: center;\"><img src=\"//img30.360buyimg.com/popWareDetail/jfs/t1/95935/9/19330/159477/5e9ecc13E5b8db8ae/8e954021a0835fb7.jpg!q70.dpg.webp\" /><img src=\"//img30.360buyimg.com/popWareDetail/jfs/t1/99224/22/19596/137593/5e9ecc13E34ef2113/2b362b90d8378ee1.jpg!q70.dpg.webp\" /><img src=\"//img30.360buyimg.com/popWareDetail/jfs/t1/93131/25/19321/107691/5e9ecc13E41e8addf/202a5f84d9129878.jpg!q70.dpg.webp\" /><img src=\"//img30.360buyimg.com/popWareDetail/jfs/t1/101843/19/19533/66831/5e9ecc13Ecb7f9d53/4fdd807266583c1e.jpg!q70.dpg.webp\" /><img src=\"//img30.360buyimg.com/popWareDetail/jfs/t1/99629/36/19016/59882/5e9ecc13E1f5beef5/1e5af3528f366e70.jpg!q70.dpg.webp\" /><img src=\"//img30.360buyimg.com/popWaterMark/jfs/t1/72343/29/8945/84548/5d6e5c67Ea07b1125/702791816b90eb3d.jpg!q70.dpg.webp\" /><img src=\"//img30.360buyimg.com/popWaterMark/jfs/t1/65403/35/9017/129532/5d6e5c68E3f2d0546/9ec771eb6e04a75a.jpg!q70.dpg.webp\" /><img src=\"//img30.360buyimg.com/popWaterMark/jfs/t1/58261/33/9380/106603/5d6e5c68E05a99177/2b5b9e29eed05b08.jpg!q70.dpg.webp\" /><img src=\"//img30.360buyimg.com/popWaterMark/jfs/t1/51968/40/9688/113552/5d6e5c68E5052b312/8969d83124cb78a4.jpg!q70.dpg.webp\" /><img src=\"//img30.360buyimg.com/popWaterMark/jfs/t1/75491/9/9101/146883/5d6e5c68E3db89775/c1aa57e78ded4e44.jpg!q70.dpg.webp\" /><img src=\"//img30.360buyimg.com/popWaterMark/jfs/t1/75063/11/9107/127874/5d6e5c68E0b1dfc61/10dd6000ce213375.jpg!q70.dpg.webp\" /><img src=\"//img30.360buyimg.com/popWaterMark/jfs/t1/47452/25/9579/108279/5d6e5c68Ea9002f3b/865b5d32ffd9da75.jpg!q70.dpg.webp\" /><img src=\"//img30.360buyimg.com/popWaterMark/jfs/t1/82146/26/9077/87075/5d6e5c68Ef63bccc8/556de5665a35a3f2.jpg!q70.dpg.webp\" /><img src=\"//img30.360buyimg.com/popWaterMark/jfs/t1/82804/21/9019/124404/5d6e5c69E06a8f575/0f861f8c4636c546.jpg!q70.dpg.webp\" /><img src=\"//img30.360buyimg.com/popWaterMark/jfs/t1/46044/10/9734/107686/5d6e5c69Edd5e66c7/a8c7b9324e271dbd.jpg!q70.dpg.webp\" /><img src=\"//img30.360buyimg.com/popWaterMark/jfs/t1/40729/32/13755/45997/5d6e5c69Eafee3664/6a3457a4efdb79c5.jpg!q70.dpg.webp\" /><img src=\"//img30.360buyimg.com/popWaterMark/jfs/t1/76254/34/9039/96195/5d6e5c69E3c71c809/49033c0b7024c208.jpg!q70.dpg.webp\" /><img src=\"//img30.360buyimg.com/popWaterMark/jfs/t1/79825/20/9065/90864/5d6e5c69E1e62ef89/a4d3ce383425a666.jpg!q70.dpg.webp\" /><img src=\"//img30.360buyimg.com/popWaterMark/jfs/t1/49939/21/9618/106207/5d6e5c6aEf7b1d4fd/0f5e963c66be3d0c.jpg!q70.dpg.webp\" /><img src=\"//img30.360buyimg.com/popWaterMark/jfs/t1/64035/7/9001/115159/5d6e5c6aE6919dfdf/39dfe4840157ad81.jpg!q70.dpg.webp\" /><img src=\"//img30.360buyimg.com/popWaterMark/jfs/t1/53389/3/9616/99637/5d6e5c6aEa33b9f35/b8f6aa26e72616a3.jpg!q70.dpg.webp\" /><img src=\"//img30.360buyimg.com/popWaterMark/jfs/t1/63219/6/9026/81576/5d6e5c6aEa9c74b49/b4fa364437531012.jpg!q70.dpg.webp\" /><img src=\"//img30.360buyimg.com/popWaterMark/jfs/t1/42146/27/13902/80437/5d6e5c6bE30c31ce9/475d4d54c7334313.jpg!q70.dpg.webp\" /><img src=\"//img30.360buyimg.com/popWaterMark/jfs/t1/45317/28/9596/78175/5d6e5c6bEce31e4b7/5675858b6933565c.jpg!q70.dpg.webp\" /><img src=\"//img30.360buyimg.com/popWaterMark/jfs/t1/60080/1/9112/138722/5d6e5c6bEefd9fc62/7ece7460a36d2fcc.jpg!q70.dpg.webp\" /><img src=\"//img30.360buyimg.com/popWaterMark/jfs/t1/51525/13/9549/36018/5d6e5c73Ebbccae6c/99bc2770dccc042b.jpg!q70.dpg.webp\" /><img src=\"//img30.360buyimg.com/popWaterMark/jfs/t1/61948/20/9088/72918/5d6e5c73Eab7aef5c/6f21e2f85cf478fa.jpg!q70.dpg.webp\" /></p>', '<p style=\"text-align: center;\"><img src=\"//img30.360buyimg.com/popWareDetail/jfs/t1/95935/9/19330/159477/5e9ecc13E5b8db8ae/8e954021a0835fb7.jpg!q70.dpg.webp\" /><img src=\"//img30.360buyimg.com/popWareDetail/jfs/t1/99224/22/19596/137593/5e9ecc13E34ef2113/2b362b90d8378ee1.jpg!q70.dpg.webp\" /><img src=\"//img30.360buyimg.com/popWareDetail/jfs/t1/93131/25/19321/107691/5e9ecc13E41e8addf/202a5f84d9129878.jpg!q70.dpg.webp\" /><img src=\"//img30.360buyimg.com/popWareDetail/jfs/t1/101843/19/19533/66831/5e9ecc13Ecb7f9d53/4fdd807266583c1e.jpg!q70.dpg.webp\" /><img src=\"//img30.360buyimg.com/popWareDetail/jfs/t1/99629/36/19016/59882/5e9ecc13E1f5beef5/1e5af3528f366e70.jpg!q70.dpg.webp\" /><img src=\"//img30.360buyimg.com/popWaterMark/jfs/t1/72343/29/8945/84548/5d6e5c67Ea07b1125/702791816b90eb3d.jpg!q70.dpg.webp\" /><img src=\"//img30.360buyimg.com/popWaterMark/jfs/t1/65403/35/9017/129532/5d6e5c68E3f2d0546/9ec771eb6e04a75a.jpg!q70.dpg.webp\" /><img src=\"//img30.360buyimg.com/popWaterMark/jfs/t1/58261/33/9380/106603/5d6e5c68E05a99177/2b5b9e29eed05b08.jpg!q70.dpg.webp\" /><img src=\"//img30.360buyimg.com/popWaterMark/jfs/t1/51968/40/9688/113552/5d6e5c68E5052b312/8969d83124cb78a4.jpg!q70.dpg.webp\" /><img src=\"//img30.360buyimg.com/popWaterMark/jfs/t1/75491/9/9101/146883/5d6e5c68E3db89775/c1aa57e78ded4e44.jpg!q70.dpg.webp\" /><img src=\"//img30.360buyimg.com/popWaterMark/jfs/t1/75063/11/9107/127874/5d6e5c68E0b1dfc61/10dd6000ce213375.jpg!q70.dpg.webp\" /><img src=\"//img30.360buyimg.com/popWaterMark/jfs/t1/47452/25/9579/108279/5d6e5c68Ea9002f3b/865b5d32ffd9da75.jpg!q70.dpg.webp\" /><img src=\"//img30.360buyimg.com/popWaterMark/jfs/t1/82146/26/9077/87075/5d6e5c68Ef63bccc8/556de5665a35a3f2.jpg!q70.dpg.webp\" /><img src=\"//img30.360buyimg.com/popWaterMark/jfs/t1/82804/21/9019/124404/5d6e5c69E06a8f575/0f861f8c4636c546.jpg!q70.dpg.webp\" /><img src=\"//img30.360buyimg.com/popWaterMark/jfs/t1/46044/10/9734/107686/5d6e5c69Edd5e66c7/a8c7b9324e271dbd.jpg!q70.dpg.webp\" /><img src=\"//img30.360buyimg.com/popWaterMark/jfs/t1/40729/32/13755/45997/5d6e5c69Eafee3664/6a3457a4efdb79c5.jpg!q70.dpg.webp\" /><img src=\"//img30.360buyimg.com/popWaterMark/jfs/t1/76254/34/9039/96195/5d6e5c69E3c71c809/49033c0b7024c208.jpg!q70.dpg.webp\" /><img src=\"//img30.360buyimg.com/popWaterMark/jfs/t1/79825/20/9065/90864/5d6e5c69E1e62ef89/a4d3ce383425a666.jpg!q70.dpg.webp\" /><img src=\"//img30.360buyimg.com/popWaterMark/jfs/t1/49939/21/9618/106207/5d6e5c6aEf7b1d4fd/0f5e963c66be3d0c.jpg!q70.dpg.webp\" /><img src=\"//img30.360buyimg.com/popWaterMark/jfs/t1/64035/7/9001/115159/5d6e5c6aE6919dfdf/39dfe4840157ad81.jpg!q70.dpg.webp\" /><img src=\"//img30.360buyimg.com/popWaterMark/jfs/t1/53389/3/9616/99637/5d6e5c6aEa33b9f35/b8f6aa26e72616a3.jpg!q70.dpg.webp\" /><img src=\"//img30.360buyimg.com/popWaterMark/jfs/t1/63219/6/9026/81576/5d6e5c6aEa9c74b49/b4fa364437531012.jpg!q70.dpg.webp\" /><img src=\"//img30.360buyimg.com/popWaterMark/jfs/t1/42146/27/13902/80437/5d6e5c6bE30c31ce9/475d4d54c7334313.jpg!q70.dpg.webp\" /><img src=\"//img30.360buyimg.com/popWaterMark/jfs/t1/45317/28/9596/78175/5d6e5c6bEce31e4b7/5675858b6933565c.jpg!q70.dpg.webp\" /><img src=\"//img30.360buyimg.com/popWaterMark/jfs/t1/60080/1/9112/138722/5d6e5c6bEefd9fc62/7ece7460a36d2fcc.jpg!q70.dpg.webp\" /><img src=\"//img30.360buyimg.com/popWaterMark/jfs/t1/51525/13/9549/36018/5d6e5c73Ebbccae6c/99bc2770dccc042b.jpg!q70.dpg.webp\" /><img src=\"//img30.360buyimg.com/popWaterMark/jfs/t1/61948/20/9088/72918/5d6e5c73Eab7aef5c/6f21e2f85cf478fa.jpg!q70.dpg.webp\" /></p>', NULL, NULL, 0, 3, 'е°Ҹзұі', 'жүӢжңәйҖҡи®Ҝ');
INSERT INTO `pms_product` VALUES (28, 6, 19, 0, 3, 'е°Ҹзұі зәўзұі5A е…ЁзҪ‘йҖҡзүҲ 3GB+32GB йҰҷж§ҹйҮ‘ з§»еҠЁиҒ”йҖҡз”өдҝЎ4GжүӢжңә еҸҢеҚЎеҸҢеҫ…', 'http://macro-oss.oss-cn-shenzhen.aliyuncs.com/mall/images/20180615/5a9d248cN071f4959.jpg', '7437789', 0, 1, 1, 1, 0, 0, 98, 649.00, NULL, 649, 649, 0, '8еӨ©и¶…й•ҝеҫ…жңәпјҢ137gиҪ»е·§жңәиә«пјҢй«ҳйҖҡйӘҒйҫҷеӨ„зҗҶеҷЁе°Ҹзұі6XдҪҺиҮі1299пјҢзӮ№еҮ»жҠўиҙӯ', '', 649.00, 100, 0, '', 0.00, 0, '', '', '', '', '', '', '', '<div><img src=\"//img12.360buyimg.com/imgzone/jfs/t1/67362/12/14546/708984/5dc28512Eefdd817d/c82503af0da6c038.gif\" /><img src=\"//img13.360buyimg.com/imgzone/jfs/t1/61488/17/14551/995918/5dc28512E821c228d/41e52005ea5b1f36.gif\" /><img src=\"//img14.360buyimg.com/imgzone/jfs/t1/72961/36/14769/305883/5dc28512E65d77261/3df6be29e3d489d1.gif\" />\n<p>&nbsp;</p>\n</div>', NULL, NULL, 0, 4, 'е°Ҹзұі', 'жүӢжңәйҖҡи®Ҝ');
INSERT INTO `pms_product` VALUES (29, 51, 19, 0, 3, 'Apple iPhone 8 Plus 64GB зәўиүІзү№еҲ«зүҲ з§»еҠЁиҒ”йҖҡз”өдҝЎ4GжүӢжңә', 'http://macro-oss.oss-cn-shenzhen.aliyuncs.com/mall/images/20180615/5acc5248N6a5f81cd.jpg', '7437799', 0, 1, 1, 1, 0, 0, 97, 5499.00, 4799.00, 5499, 5499, 0, 'гҖҗйҷҗж—¶йҷҗйҮҸжҠўиҙӯгҖ‘Appleдә§е“Ғе№ҙдёӯзӢӮж¬ўиҠӮпјҢеҘҪзү©е°Ҫдә«пјҢзҫҺеңЁжҷәж…§пјҒйҖҹжқҘ >> еӢҫйҖү[дҝқйҡңжңҚеҠЎ][еҺҹеҺӮдҝқ2е№ҙ]пјҢиҺ·еҫ—AppleCare+е…Ёж–№дҪҚжңҚеҠЎи®ЎеҲ’пјҢеҺҹеҺӮе»¶дҝқе”®еҗҺж— еҝ§гҖӮ', '', 5499.00, 100, 0, '', 0.00, 0, '1,2,3', '', '', '', '', '', '', '<div><img src=\"//img10.360buyimg.com/cms/jfs/t1/20020/38/9725/228440/5c7f9208Eeaf4bf87/13a713066f71791d.jpg!q70.dpg.webp\" /> <img src=\"//img12.360buyimg.com/cms/jfs/t1/12128/39/9607/265349/5c7f9209Ecff29b88/08620ba570705634.jpg!q70.dpg.webp\" /> <img src=\"//img14.360buyimg.com/cms/jfs/t1/22731/40/9578/345163/5c7f9209E9ba056e5/a8a557060b84447e.jpg!q70.dpg.webp\" /> <img src=\"//img14.360buyimg.com/cms/jfs/t1/29506/38/9439/299492/5c7f9209E0e51eb29/15dedd95416f3c68.jpg!q70.dpg.webp\" /> <img src=\"//img14.360buyimg.com/cms/jfs/t1/26766/28/9574/257101/5c7f9209Eaca1b317/c7caa047b1566cf1.jpg!q70.dpg.webp\" /> <img src=\"//img13.360buyimg.com/cms/jfs/t1/11059/8/10473/286531/5c7f9208E05da0120/9034ad8799ad9553.jpg!q70.dpg.webp\" /> <img src=\"//img14.360buyimg.com/cms/jfs/t1/25641/2/9557/268826/5c7f9208Efbf0dc50/399580629e05e733.jpg!q70.dpg.webp\" /> <img src=\"//img13.360buyimg.com/cms/jfs/t1/28964/25/9527/305902/5c7f9208E275ffb9c/8464934d67e69b7a.jpg!q70.dpg.webp\" /></div>', '2020-05-04 15:12:54', '2020-05-30 00:00:00', 0, 1, 'иӢ№жһң', 'жүӢжңәйҖҡи®Ҝ');
INSERT INTO `pms_product` VALUES (30, 50, 8, 0, 1, 'HLAжө·жҫңд№Ӣе®¶з®ҖзәҰеҠЁзү©еҚ°иҠұзҹӯиў–TжҒӨ', 'http://macro-oss.oss-cn-shenzhen.aliyuncs.com/mall/images/20180615/5ad83a4fN6ff67ecd.jpg!cc_350x449.jpg', 'HNTBJ2E042A', 0, 0, 1, 1, 0, 0, 0, 98.00, NULL, 0, 0, 0, '2018еӨҸеӯЈж–°е“Ғеҫ®еј№иҲ’йҖӮж–°ж¬ҫзҹӯTз”·з”ҹ 6жңҲ6ж—Ҙ-6жңҲ20ж—ҘпјҢж»Ў300еҮҸ30пјҢеҸӮдёҺдә’еҠЁиөўзҷҫе…ғзӨјеҲёпјҢз«ӢеҚіеҲҶдә«иөўеӨ§еҘ–', '', 98.00, 100, 0, '', 0.00, 0, '', '', '', '', '', '', '', '', NULL, NULL, 0, 0, 'жө·жҫңд№Ӣе®¶', 'TжҒӨ');
INSERT INTO `pms_product` VALUES (31, 50, 8, 0, 1, 'HLAжө·жҫңд№Ӣе®¶и“қзҒ°иҠұзә№еңҶйўҶй’Ҳз»Үеёғзҹӯиў–TжҒӨ', 'http://macro-oss.oss-cn-shenzhen.aliyuncs.com/mall/images/20180615/5ac98b64N70acd82f.jpg!cc_350x449.jpg', 'HNTBJ2E080A', 0, 1, 0, 0, 0, 0, 0, 98.00, NULL, 0, 0, 0, '2018еӨҸеӯЈж–°е“Ғзҹӯиў–TжҒӨз”·HNTBJ2E080A и“қзҒ°иҠұзә№80 175/92A/L80A и“қзҒ°иҠұзә№80 175/92A/L', '', 98.00, 100, 0, '', 0.00, 0, '', '', '', '', '', '', '', '', NULL, NULL, 0, 0, 'жө·жҫңд№Ӣе®¶', 'TжҒӨ');
INSERT INTO `pms_product` VALUES (32, 50, 8, 0, 1, 'HLAжө·жҫңд№Ӣе®¶зҹӯиў–TжҒӨз”·еҹәзЎҖж¬ҫ', 'http://macro-oss.oss-cn-shenzhen.aliyuncs.com/mall/images/20180615/5a51eb88Na4797877.jpg', 'HNTBJ2E153A', 0, 1, 0, 0, 0, 0, 0, 68.00, NULL, 0, 0, 0, 'HLAжө·жҫңд№Ӣе®¶зҹӯиў–TжҒӨз”·еҹәзЎҖж¬ҫз®ҖзәҰеңҶйўҶHNTBJ2E153Aи—Ҹйқ’(F3)175/92A(50)', '', 68.00, 100, 0, '', 0.00, 0, '1,2', '', '', '', '', '', '', '', NULL, NULL, 0, 0, 'жө·жҫңд№Ӣе®¶', 'TжҒӨ');
INSERT INTO `pms_product` VALUES (33, 6, 35, 0, 12, 'е°ҸзұіпјҲMIпјүе°Ҹзұіз”өи§Ҷ4A ', 'http://macro-oss.oss-cn-shenzhen.aliyuncs.com/mall/images/20180615/5b02804dN66004d73.jpg', '4609652', 0, 0, 0, 0, 0, 0, 0, 2499.00, NULL, 0, 0, 0, 'е°ҸзұіпјҲMIпјүе°Ҹзұіз”өи§Ҷ4A 55иӢұеҜё L55M5-AZ/L55M5-AD 2GB+8GB HDR 4Kи¶…й«ҳжё… дәәе·ҘжҷәиғҪзҪ‘з»ңж¶Іжҷ¶е№іжқҝз”өи§Ҷ', '', 2499.00, 100, 0, '', 0.00, 0, '', '', '', '', '', '', '', '', NULL, NULL, 0, 0, 'е°Ҹзұі', 'з”өи§Ҷ');
INSERT INTO `pms_product` VALUES (34, 6, 35, 0, 12, 'е°ҸзұіпјҲMIпјүе°Ҹзұіз”өи§Ҷ4A 65иӢұеҜё', 'http://macro-oss.oss-cn-shenzhen.aliyuncs.com/mall/images/20180615/5b028530N51eee7d4.jpg', '4609660', 0, 1, 0, 0, 0, 0, 0, 3999.00, NULL, 0, 0, 0, ' L65M5-AZ/L65M5-AD 2GB+8GB HDR 4Kи¶…й«ҳжё… дәәе·ҘжҷәиғҪзҪ‘з»ңж¶Іжҷ¶е№іжқҝз”өи§Ҷ', '', 3999.00, 100, 0, '', 0.00, 0, '1,2', '', '', '', '', '', '', '', NULL, NULL, 0, 0, 'е°Ҹзұі', 'з”өи§Ҷ');
INSERT INTO `pms_product` VALUES (35, 58, 29, 0, 11, 'иҖҗе…ӢNIKE з”·еӯҗ дј‘й—ІйһӢ ROSHE RUN иҝҗеҠЁйһӢ 511881-010й»‘иүІ41з Ғ', 'http://macro-oss.oss-cn-shenzhen.aliyuncs.com/mall/images/20180615/5b235bb9Nf606460b.jpg', '6799342', 0, 1, 0, 0, 0, 0, 0, 369.00, NULL, 0, 0, 0, 'иҖҗе…ӢNIKE з”·еӯҗ дј‘й—ІйһӢ ROSHE RUN иҝҗеҠЁйһӢ 511881-010й»‘иүІ41з Ғ', '', 369.00, 100, 0, '', 0.00, 0, '', '', '', '', '', '', '', '', NULL, NULL, 0, 0, 'NIKE', 'з”·йһӢ');
INSERT INTO `pms_product` VALUES (36, 58, 29, 0, 11, 'иҖҗе…ӢNIKE з”·еӯҗ ж°”еһ« дј‘й—ІйһӢ AIR MAX 90 ESSENTIAL иҝҗеҠЁйһӢ AJ1285-101зҷҪиүІ41з Ғ', 'http://macro-oss.oss-cn-shenzhen.aliyuncs.com/mall/images/20180615/5b19403eN9f0b3cb8.jpg', '6799345', 0, 1, 1, 1, 0, 0, 0, 499.00, NULL, 0, 0, 0, 'иҖҗе…ӢNIKE з”·еӯҗ ж°”еһ« дј‘й—ІйһӢ AIR MAX 90 ESSENTIAL иҝҗеҠЁйһӢ AJ1285-101зҷҪиүІ41з Ғ', '', 499.00, 100, 0, '', 0.00, 0, '', '', '', '', '', '', '', '', NULL, NULL, 0, 0, 'NIKE', 'з”·йһӢ');
INSERT INTO `pms_product` VALUES (37, 51, 19, 0, 3, 'Apple iPhone 14 (A2884) 128GB ж”ҜжҢҒз§»еҠЁиҒ”йҖҡз”өдҝЎ5G еҸҢеҚЎеҸҢеҫ…жүӢжңә', 'http://macro-oss.oss-cn-shenzhen.aliyuncs.com/mall/images/20221028/iphone14_001.jpg', '100038005189', 0, 1, 0, 0, 0, 200, 0, 5999.00, NULL, 0, 0, 0, 'гҖҗ11.11еӨ§зҲұи¶…еӨ§зҲұгҖ‘жҢҮе®ҡiPhone14дә§е“Ғйҷҗж—¶йҷҗйҮҸйўҶеҲёз«ӢеҮҸ601е…ғпјҒпјҒпјҒйғЁеҲҶiPhoneдә§е“ҒзҺ°иҙ§жҠўиҙӯзЎ®и®Өж”¶иҙ§еҚійҖҒеҺҹеҺӮжүӢжңәеЈі10е…ғдјҳжғ еҲёпјҒпјҒпјҒзҢӣжҲі ', '', 5999.00, 1000, 0, '', 208.00, 0, '1,2,3', '', '', 'http://macro-oss.oss-cn-shenzhen.aliyuncs.com/mall/images/20221028/iphone14_002.jpg,http://macro-oss.oss-cn-shenzhen.aliyuncs.com/mall/images/20221028/iphone14_003.jpg,http://macro-oss.oss-cn-shenzhen.aliyuncs.com/mall/images/20221028/iphone14_004.jpg', '', '', '', '<div style=\"margin: 0 auto;\"><img style=\"max-width: 390px;\" src=\"//img13.360buyimg.com/cms/jfs/t1/58071/39/19839/119559/63190110Edac0cea7/b62a84f1b8775fef.jpg!q70.dpg.webp\" /> <img style=\"max-width: 390px;\" src=\"//img20.360buyimg.com/cms/jfs/t1/138903/36/29400/86115/63190110E0a98c819/d2efbef39eeb2995.jpg!q70.dpg.webp\" /> <img style=\"max-width: 390px;\" src=\"//img30.360buyimg.com/cms/jfs/t1/176347/20/28995/115695/63190110Ef5d766f9/aee3d2d866522f66.jpg!q70.dpg.webp\" /> <img style=\"max-width: 390px;\" src=\"//img14.360buyimg.com/cms/jfs/t1/120515/39/28721/142961/63190110Eec31e31a/3486d6a065a18ddc.jpg!q70.dpg.webp\" /> <img style=\"max-width: 390px;\" src=\"//img13.360buyimg.com/cms/jfs/t1/30161/12/17674/81508/63190110E1385cf61/f05a2a43f4d304ff.jpg!q70.dpg.webp\" /> <img style=\"max-width: 390px;\" src=\"//img14.360buyimg.com/cms/jfs/t1/100037/16/31071/62177/6319010fE871efe01/b01a6f981c268e38.jpg!q70.dpg.webp\" /> <img style=\"max-width: 390px;\" src=\"//img14.360buyimg.com/cms/jfs/t1/90843/33/25852/74752/63190110E373559f4/74b6b52a3fb08c66.jpg!q70.dpg.webp\" /> <img style=\"max-width: 390px;\" src=\"//img14.360buyimg.com/cms/jfs/t1/181914/22/28400/126094/63190110Edefb838c/802a16e758be2b1d.jpg!q70.dpg.webp\" /></div>', NULL, NULL, 0, 0, 'иӢ№жһң', 'жүӢжңәйҖҡи®Ҝ');
INSERT INTO `pms_product` VALUES (38, 51, 53, 0, 3, 'Apple iPad 10.9иӢұеҜёе№іжқҝз”өи„‘ 2022е№ҙж¬ҫ', 'http://macro-oss.oss-cn-shenzhen.aliyuncs.com/mall/images/20221028/ipad_001.jpg', '100044025833', 0, 1, 0, 0, 0, 0, 0, 3599.00, NULL, 0, 0, 0, 'гҖҗ11.11еӨ§зҲұи¶…еӨ§зҲұгҖ‘iPad9д»ЈйҷҗйҮҸжҠўиҙӯпјҢд»·ж јдјҳжғ пјҢжӣҙдә«д»Ҙж—§жҚўж–°иҮій«ҳиЎҘиҙҙ325е…ғпјҒпјҒеҝ«жқҘжҠўиҙӯеҗ§пјҒпјҒ ', '', 3599.00, 1000, 0, '', 0.00, 0, '1,2,3', '', '', 'http://macro-oss.oss-cn-shenzhen.aliyuncs.com/mall/images/20221028/ipad_002.jpg', '', '', '', '<div style=\"margin: 0 auto;\"><img style=\"max-width: 390px;\" src=\"//img12.360buyimg.com/cms/jfs/t1/75040/28/21026/295081/634ed154E981e4d10/2ceef91d6f2b2273.jpg!q70.dpg.webp\" /> <img style=\"max-width: 390px;\" src=\"//img13.360buyimg.com/cms/jfs/t1/191028/1/28802/401291/634ed15eEb234dc40/5ab89f83531e1023.jpg!q70.dpg.webp\" /> <img style=\"max-width: 390px;\" src=\"//img14.360buyimg.com/cms/jfs/t1/32758/24/18599/330590/634ed15eEc3db173c/c52953dc8008a576.jpg!q70.dpg.webp\" /></div>', NULL, NULL, 0, 0, 'иӢ№жһң', 'е№іжқҝз”өи„‘');
INSERT INTO `pms_product` VALUES (39, 6, 54, 0, 13, 'е°Ҹзұі Xiaomi Book Pro 14 2022 й”җйҫҷзүҲ 2.8Kи¶…жё…еӨ§еёҲеұҸ й«ҳз«ҜиҪ»и–„з¬”и®°жң¬з”өи„‘', 'http://macro-oss.oss-cn-shenzhen.aliyuncs.com/mall/images/20221028/xiaomi_computer_001.jpg', '100023207945', 0, 1, 0, 1, 0, 0, 0, 5599.00, NULL, 0, 0, 0, 'гҖҗеҸҢеҚҒдёҖеӨ§дҝғжқҘиўӯгҖ‘жҢҮе®ҡеһӢеҸ·иҮій«ҳдјҳжғ 1000пјҢд»Ҙж—§жҚўж–°иҮій«ҳиЎҘиҙҙ1000е…ғпјҢжҷ’еҚ•иөўеҘҪзӨј', '', 5599.00, 500, 0, '', 0.00, 0, '', '', '', 'http://macro-oss.oss-cn-shenzhen.aliyuncs.com/mall/images/20221028/xiaomi_computer_002.jpg', '', '', '', '<div class=\"ssd-module-mobile-wrap\">\n<div class=\"ssd-module M16667778180631\" data-id=\"M16667778180631\"><img class=\"wscnph\" src=\"http://macro-oss.oss-cn-shenzhen.aliyuncs.com/mall/images/20221028/xiaomi_computer_snipaste_01.png\" /><img class=\"wscnph\" src=\"http://macro-oss.oss-cn-shenzhen.aliyuncs.com/mall/images/20221028/xiaomi_computer_snipaste_02.png\" /><img class=\"wscnph\" src=\"http://macro-oss.oss-cn-shenzhen.aliyuncs.com/mall/images/20221028/xiaomi_computer_snipaste_03.png\" /><img class=\"wscnph\" src=\"http://macro-oss.oss-cn-shenzhen.aliyuncs.com/mall/images/20221028/xiaomi_computer_snipaste_04.png\" /><img class=\"wscnph\" src=\"http://macro-oss.oss-cn-shenzhen.aliyuncs.com/mall/images/20221028/xiaomi_computer_snipaste_05.png\" /><img class=\"wscnph\" src=\"http://macro-oss.oss-cn-shenzhen.aliyuncs.com/mall/images/20221028/xiaomi_computer_snipaste_06.png\" /></div>\n<div class=\"ssd-module M16667778180631\" data-id=\"M16667778180631\">&nbsp;</div>\n<div class=\"ssd-module M16534569204241\" data-id=\"M16534569204241\">&nbsp;</div>\n<div class=\"ssd-module M16667778416884\" data-id=\"M16667778416884\">\n<div class=\"ssd-widget-text W16667778440496\">&nbsp;</div>\n</div>\n<div class=\"ssd-module M165303211067557\" data-id=\"M165303211067557\">&nbsp;</div>\n<div class=\"ssd-module M16530320459861\" data-id=\"M16530320459861\">&nbsp;</div>\n<div class=\"ssd-module M16530320460062\" data-id=\"M16530320460062\">&nbsp;</div>\n<div class=\"ssd-module M16530320460153\" data-id=\"M16530320460153\">&nbsp;</div>\n<div class=\"ssd-module M16530320460366\" data-id=\"M16530320460366\">&nbsp;</div>\n<div class=\"ssd-module M16530320460477\" data-id=\"M16530320460477\">&nbsp;</div>\n<div class=\"ssd-module M16530320460578\" data-id=\"M16530320460578\">&nbsp;</div>\n<div class=\"ssd-module M16530320460699\" data-id=\"M16530320460699\">&nbsp;</div>\n<div class=\"ssd-module M165303204608110\" data-id=\"M165303204608110\">&nbsp;</div>\n<div class=\"ssd-module M165303204609511\" data-id=\"M165303204609511\">&nbsp;</div>\n<div class=\"ssd-module M165303204611213\" data-id=\"M165303204611213\">&nbsp;</div>\n<div class=\"ssd-module M165303204612714\" data-id=\"M165303204612714\">&nbsp;</div>\n<div class=\"ssd-module M165303204614115\" data-id=\"M165303204614115\">&nbsp;</div>\n<div class=\"ssd-module M165303204615516\" data-id=\"M165303204615516\">&nbsp;</div>\n<div class=\"ssd-module M165303204617417\" data-id=\"M165303204617417\">&nbsp;</div>\n<div class=\"ssd-module M165303204618818\" data-id=\"M165303204618818\">&nbsp;</div>\n<div class=\"ssd-module M165303204620219\" data-id=\"M165303204620219\">&nbsp;</div>\n<div class=\"ssd-module M165303204621620\" data-id=\"M165303204621620\">&nbsp;</div>\n<div class=\"ssd-module M165303204622921\" data-id=\"M165303204622921\">&nbsp;</div>\n<div class=\"ssd-module M165303204624522\" data-id=\"M165303204624522\">&nbsp;</div>\n<div class=\"ssd-module M165303204626024\" data-id=\"M165303204626024\">&nbsp;</div>\n<div class=\"ssd-module M165303204627525\" data-id=\"M165303204627525\">&nbsp;</div>\n<div class=\"ssd-module M165303204629127\" data-id=\"M165303204629127\">&nbsp;</div>\n<div class=\"ssd-module M165303204632330\" data-id=\"M165303204632330\">&nbsp;</div>\n<div class=\"ssd-module M165303204634031\" data-id=\"M165303204634031\">&nbsp;</div>\n<div class=\"ssd-module M165303204635832\" data-id=\"M165303204635832\">&nbsp;</div>\n<div class=\"ssd-module M165303204637533\" data-id=\"M165303204637533\">&nbsp;</div>\n<div class=\"ssd-module M165303204639334\" data-id=\"M165303204639334\">&nbsp;</div>\n<div class=\"ssd-module M165303204642235\" data-id=\"M165303204642235\">&nbsp;</div>\n<div class=\"ssd-module M165303204647936\" data-id=\"M165303204647936\">&nbsp;</div>\n<div class=\"ssd-module M165303204651037\" data-id=\"M165303204651037\">&nbsp;</div>\n<div class=\"ssd-module M165303204653838\" data-id=\"M165303204653838\">&nbsp;</div>\n<div class=\"ssd-module M165303204656239\" data-id=\"M165303204656239\">&nbsp;</div>\n<div class=\"ssd-module M165303204659141\" data-id=\"M165303204659141\">&nbsp;</div>\n<div class=\"ssd-module M165303204661943\" data-id=\"M165303204661943\">&nbsp;</div>\n<div class=\"ssd-module M165303204665844\" data-id=\"M165303204665844\">&nbsp;</div>\n<div class=\"ssd-module M165303204668045\" data-id=\"M165303204668045\">&nbsp;</div>\n<div class=\"ssd-module M165303204670146\" data-id=\"M165303204670146\">&nbsp;</div>\n<div class=\"ssd-module M165303204672147\" data-id=\"M165303204672147\">&nbsp;</div>\n<div class=\"ssd-module M165303204674348\" data-id=\"M165303204674348\">&nbsp;</div>\n<div class=\"ssd-module M165303204676749\" data-id=\"M165303204676749\">&nbsp;</div>\n<div class=\"ssd-module M165303204681352\" data-id=\"M165303204681352\">&nbsp;</div>\n<div class=\"ssd-module M165303204683553\" data-id=\"M165303204683553\">&nbsp;</div>\n<div class=\"ssd-module M165303204685855\" data-id=\"M165303204685855\">&nbsp;</div>\n<div class=\"ssd-module M165303204688356\" data-id=\"M165303204688356\">&nbsp;</div>\n</div>', NULL, NULL, 0, 0, 'е°Ҹзұі', 'з¬”и®°жң¬');
INSERT INTO `pms_product` VALUES (40, 6, 19, 0, 3, 'е°Ҹзұі12 Pro еӨ©зҺ‘зүҲ еӨ©зҺ‘9000+еӨ„зҗҶеҷЁ 5000дёҮз–ҫйҖҹеҪұеғҸ 2Kи¶…и§Ҷж„ҹеұҸ 120Hzй«ҳеҲ· 67Wеҝ«е……', 'http://macro-oss.oss-cn-shenzhen.aliyuncs.com/mall/images/20221104/xiaomi_12_pro_01.jpg', '100027789721', 0, 1, 0, 1, 0, 0, 0, 2999.00, NULL, 0, 0, 0, 'еӨ©зҺ‘9000+еӨ„зҗҶеҷЁгҖҒ5160mAhеӨ§з”өйҮҸгҖҒ2KAmoledи¶…и§Ҷж„ҹеұҸгҖҗзӮ№еҮ»иҙӯд№°е°Ҹзұі11UltraпјҢжҲігҖ‘ ', '', 2999.00, 500, 0, '', 0.00, 0, '', '', '', 'http://macro-oss.oss-cn-shenzhen.aliyuncs.com/mall/images/20221104/xiaomi_12_pro_02.jpg', '', '', '', '<p><img class=\"wscnph\" src=\"http://macro-oss.oss-cn-shenzhen.aliyuncs.com/mall/images/20221104/xiaomi_12_pro_snipaste_01.png\" /><img class=\"wscnph\" src=\"http://macro-oss.oss-cn-shenzhen.aliyuncs.com/mall/images/20221104/xiaomi_12_pro_snipaste_02.png\" /><img class=\"wscnph\" src=\"http://macro-oss.oss-cn-shenzhen.aliyuncs.com/mall/images/20221104/xiaomi_12_pro_snipaste_03.png\" /><img class=\"wscnph\" src=\"http://macro-oss.oss-cn-shenzhen.aliyuncs.com/mall/images/20221104/xiaomi_12_pro_snipaste_04.png\" /><img class=\"wscnph\" src=\"http://macro-oss.oss-cn-shenzhen.aliyuncs.com/mall/images/20221104/xiaomi_12_pro_snipaste_05.png\" /></p>', NULL, NULL, 0, 4, 'е°Ҹзұі', 'жүӢжңәйҖҡи®Ҝ');
INSERT INTO `pms_product` VALUES (41, 6, 19, 0, 3, 'Redmi K50 еӨ©зҺ‘8100 2Kжҹ”жҖ§зӣҙеұҸ OISе…үеӯҰйҳІжҠ– 67Wеҝ«е…… 5500mAhеӨ§з”өйҮҸ', 'http://macro-oss.oss-cn-shenzhen.aliyuncs.com/mall/images/20221104/redmi_k50_01.jpg', '100035246702', 0, 1, 0, 0, 0, 0, 0, 2099.00, NULL, 0, 0, 0, 'гҖҗе“ҒиҙЁеҘҪзү©гҖ‘еӨ©зҺ‘8100пјҢ2KзӣҙеұҸпјҢ5500mAhеӨ§з”өйҮҸгҖҗNote12ProзҒ«зғӯжҠўиҙӯдёӯгҖ‘ ', '', 2099.00, 1000, 0, '', 0.00, 0, '', '', '', 'http://macro-oss.oss-cn-shenzhen.aliyuncs.com/mall/images/20221104/redmi_k50_02.jpg', '', '', '', '<p><img class=\"wscnph\" src=\"http://macro-oss.oss-cn-shenzhen.aliyuncs.com/mall/images/20221104/redmi_k50_snipaste_01.png\" /><img class=\"wscnph\" src=\"http://macro-oss.oss-cn-shenzhen.aliyuncs.com/mall/images/20221104/redmi_k50_snipaste_02.png\" /><img class=\"wscnph\" src=\"http://macro-oss.oss-cn-shenzhen.aliyuncs.com/mall/images/20221104/redmi_k50_snipaste_03.png\" /><img class=\"wscnph\" src=\"http://macro-oss.oss-cn-shenzhen.aliyuncs.com/mall/images/20221104/redmi_k50_snipaste_04.png\" /><img class=\"wscnph\" src=\"http://macro-oss.oss-cn-shenzhen.aliyuncs.com/mall/images/20221104/redmi_k50_snipaste_05.png\" /></p>', NULL, NULL, 0, 0, 'е°Ҹзұі', 'жүӢжңәйҖҡи®Ҝ');
INSERT INTO `pms_product` VALUES (42, 3, 19, 0, 3, 'HUAWEI Mate 50 зӣҙеұҸж——иҲ° и¶…е…үеҸҳXMAGEеҪұеғҸ еҢ—ж–—еҚ«жҳҹж¶ҲжҒҜ', 'http://macro-oss.oss-cn-shenzhen.aliyuncs.com/mall/images/20221104/huawei_mate50_01.jpg', '100035295081', 0, 1, 0, 0, 0, 0, 0, 4999.00, NULL, 0, 0, 0, 'гҖҗеҚҺдёәMate50ж–°е“ҒдёҠеёӮгҖ‘еҶ…зҪ®66WеҚҺдёәе……з”өеҘ—иЈ…пјҢи¶…е…үеҸҳXMAGEеҪұеғҸ,еҢ—ж–—еҚ«жҳҹж¶ҲжҒҜпјҢйёҝи’ҷж“ҚдҪңзі»з»ҹ3.0пјҒз«ӢеҚіжҠўиҙӯпјҒеҚҺдёәж–°е“ҒеҸҜжҢҒз»ӯи®ЎеҲ’пјҢзҢӣжҲігҖӢ ', '', 4999.00, 1000, 0, '', 0.00, 0, '', '', '', 'http://macro-oss.oss-cn-shenzhen.aliyuncs.com/mall/images/20221104/huawei_mate50_02.jpg', '', '', '', '<p><img class=\"wscnph\" src=\"http://macro-oss.oss-cn-shenzhen.aliyuncs.com/mall/images/20221104/huawei_mate50_snipaste_01.png\" /><img class=\"wscnph\" src=\"http://macro-oss.oss-cn-shenzhen.aliyuncs.com/mall/images/20221104/huawei_mate50_snipaste_02.png\" /><img class=\"wscnph\" src=\"http://macro-oss.oss-cn-shenzhen.aliyuncs.com/mall/images/20221104/huawei_mate50_snipaste_03.png\" /><img class=\"wscnph\" src=\"http://macro-oss.oss-cn-shenzhen.aliyuncs.com/mall/images/20221104/huawei_mate50_snipaste_04.png\" /><img class=\"wscnph\" src=\"http://macro-oss.oss-cn-shenzhen.aliyuncs.com/mall/images/20221104/huawei_mate50_snipaste_05.png\" /></p>', NULL, NULL, 0, 0, 'еҚҺдёә', 'жүӢжңәйҖҡи®Ҝ');
INSERT INTO `pms_product` VALUES (43, 1, 39, 0, 14, 'дёҮе’ҢпјҲVanward)зҮғж°”зғӯж°ҙеҷЁеӨ©з„¶ж°”е®¶з”ЁеӣӣйҮҚйҳІеҶ»зӣҙжөҒеҸҳйў‘иҠӮиғҪе…Ёж–°еҚҮзә§еўһеҺӢж°ҙдјәжңҚжҒ’жё©й«ҳжҠ—йЈҺ', 'http://macro-oss.oss-cn-shenzhen.aliyuncs.com/mall/images/20221104/wanhe_13L_01.png', '10044060351752', 0, 1, 0, 0, 0, 0, 0, 1799.00, NULL, 0, 0, 0, 'гҖҗе®¶з”ө11.11дә«дҪҺд»·пјҢжҠўеҲ°жүӢд»·дёҚй«ҳдәҺ1199гҖ‘гҖҗеҸ‘еёғз§ҚиҚүз§Җдә«еҘҪзӨјпјҒеҗҢд»·11.11д№°иҙөиЎҘе·®гҖ‘зҲҶж¬ҫи¶…дёҖзә§иғҪж•Ҳйӣ¶еҶ·ж°ҙгҖ‘ ', '', 1799.00, 1000, 0, '', 0.00, 0, '', '', '', 'http://macro-oss.oss-cn-shenzhen.aliyuncs.com/mall/images/20221104/wanhe_16L_01.jpg', '', '', '', '<p><img class=\"wscnph\" src=\"http://macro-oss.oss-cn-shenzhen.aliyuncs.com/mall/images/20221104/wanhe_water_snipaste_01.png\" /><img class=\"wscnph\" src=\"http://macro-oss.oss-cn-shenzhen.aliyuncs.com/mall/images/20221104/wanhe_water_snipaste_02.png\" /><img class=\"wscnph\" src=\"http://macro-oss.oss-cn-shenzhen.aliyuncs.com/mall/images/20221104/wanhe_water_snipaste_03.png\" /><img class=\"wscnph\" src=\"http://macro-oss.oss-cn-shenzhen.aliyuncs.com/mall/images/20221104/wanhe_water_snipaste_04.png\" /><img class=\"wscnph\" src=\"http://macro-oss.oss-cn-shenzhen.aliyuncs.com/mall/images/20221104/wanhe_water_snipaste_05.png\" /></p>', NULL, NULL, 0, 0, 'дёҮе’Ң', 'еҺЁеҚ«еӨ§з”ө');
INSERT INTO `pms_product` VALUES (44, 2, 55, 0, 15, 'дёүжҳҹпјҲSAMSUNGпјү500GB SSDеӣәжҖҒзЎ¬зӣҳ M.2жҺҘеҸЈ(NVMeеҚҸи®®)', 'http://macro-oss.oss-cn-shenzhen.aliyuncs.com/mall/images/20221108/sanxing_ssd_02.jpg', '100018768480', 0, 1, 0, 0, 0, 0, 0, 369.00, NULL, 0, 0, 0, 'гҖҗж»ЎиЎҖж— зј“еӯҳпјҒиҝӣеә—жҠҪзҷҫе…ғEеҚЎпјҢйғЁеҲҶеһӢеҸ·зҷҪжқЎдёүжңҹе…ҚжҒҜгҖ‘е…је…·йҖҹеәҰдёҺеҸҜйқ жҖ§пјҒиҜ»йҖҹй«ҳиҫҫ3500MB/sпјҢе…ЁеҠҹзҺҮжЁЎејҸпјҒзӮ№еҮ» ', '', 369.00, 1000, 0, '', 0.00, 0, '', '', '', 'http://macro-oss.oss-cn-shenzhen.aliyuncs.com/mall/images/20221108/sanxing_ssd_01.jpg', '', '', '', '<p><img class=\"wscnph\" src=\"http://macro-oss.oss-cn-shenzhen.aliyuncs.com/mall/images/20221108/sanxing_ssd_snipaste_01.png\" /><img class=\"wscnph\" src=\"http://macro-oss.oss-cn-shenzhen.aliyuncs.com/mall/images/20221108/sanxing_ssd_snipaste_02.png\" /><img class=\"wscnph\" src=\"http://macro-oss.oss-cn-shenzhen.aliyuncs.com/mall/images/20221108/sanxing_ssd_snipaste_03.png\" /></p>', NULL, NULL, 0, 0, 'дёүжҳҹ', 'зЎ¬зӣҳ');
INSERT INTO `pms_product` VALUES (45, 21, 19, 0, 3, 'OPPO Reno8 8GB+128GB йёўе°ҫзҙ« ж–°й…ҚиүІдёҠеёӮ 80Wи¶…зә§й—Әе…… 5000дёҮж°ҙе…үдәәеғҸдёүж‘„', 'http://macro-oss.oss-cn-shenzhen.aliyuncs.com/mall/images/20221108/oppo_r8_01.jpg', '10052147850350', 0, 1, 0, 0, 0, 0, 0, 2299.00, 999.00, 0, 0, 0, 'гҖҗ11.11жҸҗеүҚиҙӯжңәдә«д»·дҝқпјҢеҘҪиҙ§дёҚз”ЁзӯүпјҢзі»з»ҹз”іиҜ·дёҖй”®д»·дҝқиЎҘе·®!гҖ‘гҖҗReno8ProзҲҶж¬ҫдјҳжғ гҖ‘ ', '', 2299.00, 1000, 0, '', 0.00, 0, '', '', '', 'http://macro-oss.oss-cn-shenzhen.aliyuncs.com/mall/images/20221108/oppo_r8_02.jpg', '', '', '', '<p><img class=\"wscnph\" src=\"http://macro-oss.oss-cn-shenzhen.aliyuncs.com/mall/images/20221108/oppo_r8_snipaste_01.png\" /><img class=\"wscnph\" src=\"http://macro-oss.oss-cn-shenzhen.aliyuncs.com/mall/images/20221108/oppo_r8_snipaste_02.png\" /><img class=\"wscnph\" src=\"http://macro-oss.oss-cn-shenzhen.aliyuncs.com/mall/images/20221108/oppo_r8_snipaste_03.png\" /><img class=\"wscnph\" src=\"http://macro-oss.oss-cn-shenzhen.aliyuncs.com/mall/images/20221108/oppo_r8_snipaste_04.png\" /><img class=\"wscnph\" src=\"http://macro-oss.oss-cn-shenzhen.aliyuncs.com/mall/images/20221108/oppo_r8_snipaste_05.png\" /></p>', '2022-11-09 16:15:50', '2022-11-25 00:00:00', 0, 4, 'OPPO', 'жүӢжңәйҖҡи®Ҝ');

-- ----------------------------
-- Table structure for pms_product_attribute
-- ----------------------------
DROP TABLE IF EXISTS `pms_product_attribute`;
CREATE TABLE `pms_product_attribute`  (
  `id` bigint NOT NULL AUTO_INCREMENT,
  `product_attribute_category_id` bigint NULL DEFAULT NULL,
  `name` varchar(64) CHARACTER SET utf8mb3 COLLATE utf8mb3_general_ci NULL DEFAULT NULL,
  `select_type` int NULL DEFAULT NULL COMMENT 'еұһжҖ§йҖүжӢ©зұ»еһӢпјҡ0->е”ҜдёҖпјӣ1->еҚ•йҖүпјӣ2->еӨҡйҖү',
  `input_type` int NULL DEFAULT NULL COMMENT 'еұһжҖ§еҪ•е…Ҙж–№ејҸпјҡ0->жүӢе·ҘеҪ•е…Ҙпјӣ1->д»ҺеҲ—иЎЁдёӯйҖүеҸ–',
  `input_list` varchar(255) CHARACTER SET utf8mb3 COLLATE utf8mb3_general_ci NULL DEFAULT NULL COMMENT 'еҸҜйҖүеҖјеҲ—иЎЁпјҢд»ҘйҖ—еҸ·йҡ”ејҖ',
  `sort` int NULL DEFAULT NULL COMMENT 'жҺ’еәҸеӯ—ж®өпјҡжңҖй«ҳзҡ„еҸҜд»ҘеҚ•зӢ¬дёҠдј еӣҫзүҮ',
  `filter_type` int NULL DEFAULT NULL COMMENT 'еҲҶзұ»зӯӣйҖүж ·ејҸпјҡ1->жҷ®йҖҡпјӣ1->йўңиүІ',
  `search_type` int NULL DEFAULT NULL COMMENT 'жЈҖзҙўзұ»еһӢпјӣ0->дёҚйңҖиҰҒиҝӣиЎҢжЈҖзҙўпјӣ1->е…ій”®еӯ—жЈҖзҙўпјӣ2->иҢғеӣҙжЈҖзҙў',
  `related_status` int NULL DEFAULT NULL COMMENT 'зӣёеҗҢеұһжҖ§дә§е“ҒжҳҜеҗҰе…іиҒ”пјӣ0->дёҚе…іиҒ”пјӣ1->е…іиҒ”',
  `hand_add_status` int NULL DEFAULT NULL COMMENT 'жҳҜеҗҰж”ҜжҢҒжүӢеҠЁж–°еўһпјӣ0->дёҚж”ҜжҢҒпјӣ1->ж”ҜжҢҒ',
  `type` int NULL DEFAULT NULL COMMENT 'еұһжҖ§зҡ„зұ»еһӢпјӣ0->и§„ж јпјӣ1->еҸӮж•°',
  PRIMARY KEY (`id`) USING BTREE
) ENGINE = InnoDB AUTO_INCREMENT = 74 CHARACTER SET = utf8mb3 COLLATE = utf8mb3_general_ci COMMENT = 'е•Ҷе“ҒеұһжҖ§еҸӮж•°иЎЁ' ROW_FORMAT = DYNAMIC;

-- ----------------------------
-- Records of pms_product_attribute
-- ----------------------------
INSERT INTO `pms_product_attribute` VALUES (1, 1, 'е°әеҜё', 2, 1, 'M,X,XL,2XL,3XL,4XL', 0, 0, 0, 0, 0, 0);
INSERT INTO `pms_product_attribute` VALUES (7, 1, 'йўңиүІ', 2, 1, 'й»‘иүІ,зәўиүІ,зҷҪиүІ,зІүиүІ', 100, 0, 0, 0, 1, 0);
INSERT INTO `pms_product_attribute` VALUES (13, 0, 'дёҠеёӮе№ҙд»Ҫ', 1, 1, '2013е№ҙ,2014е№ҙ,2015е№ҙ,2016е№ҙ,2017е№ҙ', 0, 0, 0, 0, 0, 1);
INSERT INTO `pms_product_attribute` VALUES (14, 0, 'дёҠеёӮе№ҙд»Ҫ1', 1, 1, '2013е№ҙ,2014е№ҙ,2015е№ҙ,2016е№ҙ,2017е№ҙ', 0, 0, 0, 0, 0, 1);
INSERT INTO `pms_product_attribute` VALUES (15, 0, 'дёҠеёӮе№ҙд»Ҫ2', 1, 1, '2013е№ҙ,2014е№ҙ,2015е№ҙ,2016е№ҙ,2017е№ҙ', 0, 0, 0, 0, 0, 1);
INSERT INTO `pms_product_attribute` VALUES (16, 0, 'дёҠеёӮе№ҙд»Ҫ3', 1, 1, '2013е№ҙ,2014е№ҙ,2015е№ҙ,2016е№ҙ,2017е№ҙ', 0, 0, 0, 0, 0, 1);
INSERT INTO `pms_product_attribute` VALUES (17, 0, 'дёҠеёӮе№ҙд»Ҫ4', 1, 1, '2013е№ҙ,2014е№ҙ,2015е№ҙ,2016е№ҙ,2017е№ҙ', 0, 0, 0, 0, 0, 1);
INSERT INTO `pms_product_attribute` VALUES (18, 0, 'дёҠеёӮе№ҙд»Ҫ5', 1, 1, '2013е№ҙ,2014е№ҙ,2015е№ҙ,2016е№ҙ,2017е№ҙ', 0, 0, 0, 0, 0, 1);
INSERT INTO `pms_product_attribute` VALUES (19, 0, 'йҖӮз”ЁеҜ№иұЎ', 1, 1, 'йқ’е№ҙеҘіжҖ§,дёӯе№ҙеҘіжҖ§', 0, 0, 0, 0, 0, 1);
INSERT INTO `pms_product_attribute` VALUES (20, 0, 'йҖӮз”ЁеҜ№иұЎ1', 2, 1, 'йқ’е№ҙеҘіжҖ§,дёӯе№ҙеҘіжҖ§', 0, 0, 0, 0, 0, 1);
INSERT INTO `pms_product_attribute` VALUES (21, 0, 'йҖӮз”ЁеҜ№иұЎ3', 2, 1, 'йқ’е№ҙеҘіжҖ§,дёӯе№ҙеҘіжҖ§', 0, 0, 0, 0, 0, 1);
INSERT INTO `pms_product_attribute` VALUES (24, 1, 'е•Ҷе“Ғзј–еҸ·', 1, 0, '', 0, 0, 0, 0, 0, 1);
INSERT INTO `pms_product_attribute` VALUES (25, 1, 'йҖӮз”ЁеӯЈиҠӮ', 1, 1, 'жҳҘеӯЈ,еӨҸеӯЈ,з§ӢеӯЈ,еҶ¬еӯЈ', 0, 0, 0, 0, 0, 1);
INSERT INTO `pms_product_attribute` VALUES (32, 2, 'йҖӮз”ЁдәәзҫӨ', 0, 1, 'иҖҒе№ҙ,йқ’е№ҙ,дёӯе№ҙ', 0, 0, 0, 0, 0, 1);
INSERT INTO `pms_product_attribute` VALUES (33, 2, 'йЈҺж ј', 0, 1, 'еҳ»е“ҲйЈҺж ј,еҹәзЎҖеӨ§дј—,е•ҶеҠЎжӯЈиЈ…', 0, 0, 0, 0, 0, 1);
INSERT INTO `pms_product_attribute` VALUES (35, 2, 'йўңиүІ', 0, 0, '', 100, 0, 0, 0, 1, 0);
INSERT INTO `pms_product_attribute` VALUES (37, 1, 'йҖӮз”ЁдәәзҫӨ', 1, 1, 'е„ҝз«Ҙ,йқ’е№ҙ,дёӯе№ҙ,иҖҒе№ҙ', 0, 0, 0, 0, 0, 1);
INSERT INTO `pms_product_attribute` VALUES (38, 1, 'дёҠеёӮж—¶й—ҙ', 1, 1, '2017е№ҙз§Ӣ,2017е№ҙеҶ¬,2018е№ҙжҳҘ,2018е№ҙеӨҸ', 0, 0, 0, 0, 0, 1);
INSERT INTO `pms_product_attribute` VALUES (39, 1, 'иў–й•ҝ', 1, 1, 'зҹӯиў–,й•ҝиў–,дёӯиў–', 0, 0, 0, 0, 0, 1);
INSERT INTO `pms_product_attribute` VALUES (40, 2, 'е°әз Ғ', 0, 1, '29,30,31,32,33,34', 0, 0, 0, 0, 0, 0);
INSERT INTO `pms_product_attribute` VALUES (41, 2, 'йҖӮз”ЁеңәжҷҜ', 0, 1, 'еұ…е®¶,иҝҗеҠЁ,жӯЈиЈ…', 0, 0, 0, 0, 0, 1);
INSERT INTO `pms_product_attribute` VALUES (42, 2, 'дёҠеёӮж—¶й—ҙ', 0, 1, '2018е№ҙжҳҘ,2018е№ҙеӨҸ', 0, 0, 0, 0, 0, 1);
INSERT INTO `pms_product_attribute` VALUES (43, 3, 'йўңиүІ', 0, 0, '', 100, 0, 0, 0, 1, 0);
INSERT INTO `pms_product_attribute` VALUES (44, 3, 'е®№йҮҸ', 0, 1, '16G,32G,64G,128G,256G,512G', 0, 0, 0, 0, 0, 0);
INSERT INTO `pms_product_attribute` VALUES (45, 3, 'еұҸе№•е°әеҜё', 0, 0, '', 0, 0, 0, 0, 0, 1);
INSERT INTO `pms_product_attribute` VALUES (46, 3, 'зҪ‘з»ң', 0, 1, '3G,4G,5G,WLAN', 0, 0, 0, 0, 0, 1);
INSERT INTO `pms_product_attribute` VALUES (47, 3, 'зі»з»ҹ', 0, 1, 'Android,IOS', 0, 0, 0, 0, 0, 1);
INSERT INTO `pms_product_attribute` VALUES (48, 3, 'з”өжұ е®№йҮҸ', 0, 0, '', 0, 0, 0, 0, 0, 1);
INSERT INTO `pms_product_attribute` VALUES (49, 11, 'йўңиүІ', 0, 1, 'зәўиүІ,и“қиүІ,з»ҝиүІ', 0, 1, 0, 0, 0, 0);
INSERT INTO `pms_product_attribute` VALUES (50, 11, 'е°әеҜё', 0, 1, '38,39,40', 0, 0, 0, 0, 0, 0);
INSERT INTO `pms_product_attribute` VALUES (51, 11, 'йЈҺж ј', 0, 1, 'еӨҸеӯЈ,з§ӢеӯЈ', 0, 0, 0, 0, 0, 0);
INSERT INTO `pms_product_attribute` VALUES (52, 12, 'е°әеҜё', 0, 1, '50иӢұеҜё,65иӢұеҜё,70иӢұеҜё', 0, 0, 0, 0, 0, 0);
INSERT INTO `pms_product_attribute` VALUES (53, 12, 'еҶ…еӯҳ', 0, 1, '8G,16G,32G', 0, 0, 0, 0, 0, 0);
INSERT INTO `pms_product_attribute` VALUES (54, 12, 'е•Ҷе“Ғзј–еҸ·', 0, 0, '', 0, 0, 0, 0, 0, 1);
INSERT INTO `pms_product_attribute` VALUES (55, 12, 'е•Ҷе“ҒжҜӣйҮҚ', 0, 0, '', 0, 0, 0, 0, 0, 1);
INSERT INTO `pms_product_attribute` VALUES (56, 12, 'е•Ҷе“Ғдә§ең°', 0, 1, 'дёӯеӣҪеӨ§йҷҶ,е…¶д»–', 0, 0, 0, 0, 0, 1);
INSERT INTO `pms_product_attribute` VALUES (57, 12, 'з”өи§Ҷзұ»еһӢ', 0, 1, 'еӨ§еұҸ,ж•ҷиӮІз”өи§Ҷ,4Kи¶…жё…', 0, 0, 0, 0, 0, 1);
INSERT INTO `pms_product_attribute` VALUES (58, 13, 'йўңиүІ', 0, 0, '', 0, 0, 0, 0, 1, 0);
INSERT INTO `pms_product_attribute` VALUES (59, 13, 'зүҲжң¬', 0, 1, 'R7 16G 512,R5 16G 512,I5 16G 512,I7 16G 512', 0, 0, 0, 0, 0, 0);
INSERT INTO `pms_product_attribute` VALUES (60, 13, 'еұҸе№•е°әеҜё', 0, 0, '', 0, 0, 0, 0, 0, 1);
INSERT INTO `pms_product_attribute` VALUES (61, 13, 'еұҸе№•еҲҶиҫЁзҺҮ', 0, 0, '', 0, 0, 0, 0, 0, 1);
INSERT INTO `pms_product_attribute` VALUES (62, 13, 'CPUеһӢеҸ·', 0, 0, '', 0, 0, 0, 0, 0, 1);
INSERT INTO `pms_product_attribute` VALUES (63, 14, 'зі»еҲ—', 0, 0, '', 0, 0, 0, 0, 1, 0);
INSERT INTO `pms_product_attribute` VALUES (64, 14, 'дёҠеёӮж—¶й—ҙ', 0, 0, '', 0, 0, 0, 0, 0, 1);
INSERT INTO `pms_product_attribute` VALUES (65, 14, 'жҜӣйҮҚ', 0, 0, '', 0, 0, 0, 0, 0, 1);
INSERT INTO `pms_product_attribute` VALUES (66, 14, 'йўқе®ҡеҠҹзҺҮ', 0, 0, '', 0, 0, 0, 0, 0, 1);
INSERT INTO `pms_product_attribute` VALUES (67, 15, 'йўңиүІ', 0, 0, '', 0, 0, 0, 0, 1, 0);
INSERT INTO `pms_product_attribute` VALUES (68, 15, 'зүҲжң¬', 0, 1, '512GB,1TB', 0, 0, 0, 0, 0, 0);
INSERT INTO `pms_product_attribute` VALUES (69, 15, 'зі»еҲ—', 0, 0, '', 0, 0, 0, 0, 0, 1);
INSERT INTO `pms_product_attribute` VALUES (70, 15, 'еһӢеҸ·', 0, 0, '', 0, 0, 0, 0, 0, 1);
INSERT INTO `pms_product_attribute` VALUES (71, 15, 'й—Әеӯҳзұ»еһӢ', 0, 0, '', 0, 0, 0, 0, 0, 1);
INSERT INTO `pms_product_attribute` VALUES (72, 15, 'йЎәеәҸиҜ»йҖҹ', 0, 0, '', 0, 0, 0, 0, 0, 1);
INSERT INTO `pms_product_attribute` VALUES (73, 15, 'йЎәеәҸеҶҷе…Ҙ', 0, 0, '', 0, 0, 0, 0, 0, 1);

-- ----------------------------
-- Table structure for pms_product_attribute_category
-- ----------------------------
DROP TABLE IF EXISTS `pms_product_attribute_category`;
CREATE TABLE `pms_product_attribute_category`  (
  `id` bigint NOT NULL AUTO_INCREMENT,
  `name` varchar(64) CHARACTER SET utf8mb3 COLLATE utf8mb3_general_ci NULL DEFAULT NULL,
  `attribute_count` int NULL DEFAULT 0 COMMENT 'еұһжҖ§ж•°йҮҸ',
  `param_count` int NULL DEFAULT 0 COMMENT 'еҸӮж•°ж•°йҮҸ',
  PRIMARY KEY (`id`) USING BTREE
) ENGINE = InnoDB AUTO_INCREMENT = 16 CHARACTER SET = utf8mb3 COLLATE = utf8mb3_general_ci COMMENT = 'дә§е“ҒеұһжҖ§еҲҶзұ»иЎЁ' ROW_FORMAT = DYNAMIC;

-- ----------------------------
-- Records of pms_product_attribute_category
-- ----------------------------
INSERT INTO `pms_product_attribute_category` VALUES (1, 'жңҚиЈ…-TжҒӨ', 2, 5);
INSERT INTO `pms_product_attribute_category` VALUES (2, 'жңҚиЈ…-иЈӨиЈ…', 2, 4);
INSERT INTO `pms_product_attribute_category` VALUES (3, 'жүӢжңәж•°з Ғ-жүӢжңәйҖҡи®Ҝ', 2, 4);
INSERT INTO `pms_product_attribute_category` VALUES (4, 'й…Қд»¶', 0, 0);
INSERT INTO `pms_product_attribute_category` VALUES (5, 'еұ…е®¶', 0, 0);
INSERT INTO `pms_product_attribute_category` VALUES (6, 'жҙ—жҠӨ', 0, 0);
INSERT INTO `pms_product_attribute_category` VALUES (10, 'жөӢиҜ•еҲҶзұ»', 0, 0);
INSERT INTO `pms_product_attribute_category` VALUES (11, 'жңҚиЈ…-йһӢеёҪ', 3, 0);
INSERT INTO `pms_product_attribute_category` VALUES (12, 'е®¶з”Ёз”өеҷЁ-з”өи§Ҷ', 2, 4);
INSERT INTO `pms_product_attribute_category` VALUES (13, 'з”өи„‘еҠһе…¬-з¬”и®°жң¬', 2, 3);
INSERT INTO `pms_product_attribute_category` VALUES (14, 'е®¶з”Ёз”өеҷЁ-еҺЁеҚ«еӨ§з”ө', 1, 3);
INSERT INTO `pms_product_attribute_category` VALUES (15, 'з”өи„‘еҠһе…¬-зЎ¬зӣҳ', 2, 5);

-- ----------------------------
-- Table structure for pms_product_attribute_value
-- ----------------------------
DROP TABLE IF EXISTS `pms_product_attribute_value`;
CREATE TABLE `pms_product_attribute_value`  (
  `id` bigint NOT NULL AUTO_INCREMENT,
  `product_id` bigint NULL DEFAULT NULL,
  `product_attribute_id` bigint NULL DEFAULT NULL,
  `value` varchar(64) CHARACTER SET utf8mb3 COLLATE utf8mb3_general_ci NULL DEFAULT NULL COMMENT 'жүӢеҠЁж·»еҠ и§„ж јжҲ–еҸӮж•°зҡ„еҖјпјҢеҸӮж•°еҚ•еҖјпјҢи§„ж јжңүеӨҡдёӘж—¶д»ҘйҖ—еҸ·йҡ”ејҖ',
  PRIMARY KEY (`id`) USING BTREE
) ENGINE = InnoDB AUTO_INCREMENT = 517 CHARACTER SET = utf8mb3 COLLATE = utf8mb3_general_ci COMMENT = 'еӯҳеӮЁдә§е“ҒеҸӮж•°дҝЎжҒҜзҡ„иЎЁ' ROW_FORMAT = DYNAMIC;

-- ----------------------------
-- Records of pms_product_attribute_value
-- ----------------------------
INSERT INTO `pms_product_attribute_value` VALUES (1, 9, 1, 'X');
INSERT INTO `pms_product_attribute_value` VALUES (2, 10, 1, 'X');
INSERT INTO `pms_product_attribute_value` VALUES (3, 11, 1, 'X');
INSERT INTO `pms_product_attribute_value` VALUES (4, 12, 1, 'X');
INSERT INTO `pms_product_attribute_value` VALUES (5, 13, 1, 'X');
INSERT INTO `pms_product_attribute_value` VALUES (6, 14, 1, 'X');
INSERT INTO `pms_product_attribute_value` VALUES (7, 18, 1, 'X');
INSERT INTO `pms_product_attribute_value` VALUES (8, 7, 1, 'X');
INSERT INTO `pms_product_attribute_value` VALUES (9, 7, 1, 'XL');
INSERT INTO `pms_product_attribute_value` VALUES (10, 7, 1, 'XXL');
INSERT INTO `pms_product_attribute_value` VALUES (11, 22, 7, 'x,xx');
INSERT INTO `pms_product_attribute_value` VALUES (12, 22, 24, 'no110');
INSERT INTO `pms_product_attribute_value` VALUES (13, 22, 25, 'жҳҘеӯЈ');
INSERT INTO `pms_product_attribute_value` VALUES (14, 22, 37, 'йқ’е№ҙ');
INSERT INTO `pms_product_attribute_value` VALUES (15, 22, 38, '2018е№ҙжҳҘ');
INSERT INTO `pms_product_attribute_value` VALUES (16, 22, 39, 'й•ҝиў–');
INSERT INTO `pms_product_attribute_value` VALUES (124, 23, 7, 'зұізҷҪиүІ,жө…й»„иүІ');
INSERT INTO `pms_product_attribute_value` VALUES (125, 23, 24, 'no1098');
INSERT INTO `pms_product_attribute_value` VALUES (126, 23, 25, 'жҳҘеӯЈ');
INSERT INTO `pms_product_attribute_value` VALUES (127, 23, 37, 'йқ’е№ҙ');
INSERT INTO `pms_product_attribute_value` VALUES (128, 23, 38, '2018е№ҙжҳҘ');
INSERT INTO `pms_product_attribute_value` VALUES (129, 23, 39, 'й•ҝиў–');
INSERT INTO `pms_product_attribute_value` VALUES (130, 1, 13, NULL);
INSERT INTO `pms_product_attribute_value` VALUES (131, 1, 14, NULL);
INSERT INTO `pms_product_attribute_value` VALUES (132, 1, 15, NULL);
INSERT INTO `pms_product_attribute_value` VALUES (133, 1, 16, NULL);
INSERT INTO `pms_product_attribute_value` VALUES (134, 1, 17, NULL);
INSERT INTO `pms_product_attribute_value` VALUES (135, 1, 18, NULL);
INSERT INTO `pms_product_attribute_value` VALUES (136, 1, 19, NULL);
INSERT INTO `pms_product_attribute_value` VALUES (137, 1, 20, NULL);
INSERT INTO `pms_product_attribute_value` VALUES (138, 1, 21, NULL);
INSERT INTO `pms_product_attribute_value` VALUES (139, 2, 13, NULL);
INSERT INTO `pms_product_attribute_value` VALUES (140, 2, 14, NULL);
INSERT INTO `pms_product_attribute_value` VALUES (141, 2, 15, NULL);
INSERT INTO `pms_product_attribute_value` VALUES (142, 2, 16, NULL);
INSERT INTO `pms_product_attribute_value` VALUES (143, 2, 17, NULL);
INSERT INTO `pms_product_attribute_value` VALUES (144, 2, 18, NULL);
INSERT INTO `pms_product_attribute_value` VALUES (145, 2, 19, NULL);
INSERT INTO `pms_product_attribute_value` VALUES (146, 2, 20, NULL);
INSERT INTO `pms_product_attribute_value` VALUES (147, 2, 21, NULL);
INSERT INTO `pms_product_attribute_value` VALUES (243, 30, 7, 'и“қиүІ,зҷҪиүІ');
INSERT INTO `pms_product_attribute_value` VALUES (244, 30, 24, 'HNTBJ2E042A');
INSERT INTO `pms_product_attribute_value` VALUES (245, 30, 25, 'еӨҸеӯЈ');
INSERT INTO `pms_product_attribute_value` VALUES (246, 30, 37, 'йқ’е№ҙ');
INSERT INTO `pms_product_attribute_value` VALUES (247, 30, 38, '2018е№ҙеӨҸ');
INSERT INTO `pms_product_attribute_value` VALUES (248, 30, 39, 'зҹӯиў–');
INSERT INTO `pms_product_attribute_value` VALUES (249, 31, 7, 'жө…зҒ°иүІ,ж·ұзҒ°иүІ');
INSERT INTO `pms_product_attribute_value` VALUES (250, 31, 24, 'HNTBJ2E080A');
INSERT INTO `pms_product_attribute_value` VALUES (251, 31, 25, 'еӨҸеӯЈ');
INSERT INTO `pms_product_attribute_value` VALUES (252, 31, 37, 'йқ’е№ҙ');
INSERT INTO `pms_product_attribute_value` VALUES (253, 31, 38, '2018е№ҙеӨҸ');
INSERT INTO `pms_product_attribute_value` VALUES (254, 31, 39, 'зҹӯиў–');
INSERT INTO `pms_product_attribute_value` VALUES (255, 32, 7, 'й»‘иүІ,зҷҪиүІ');
INSERT INTO `pms_product_attribute_value` VALUES (256, 32, 24, 'HNTBJ2E153A');
INSERT INTO `pms_product_attribute_value` VALUES (257, 32, 25, 'еӨҸеӯЈ');
INSERT INTO `pms_product_attribute_value` VALUES (258, 32, 37, 'йқ’е№ҙ');
INSERT INTO `pms_product_attribute_value` VALUES (259, 32, 38, '2018е№ҙеӨҸ');
INSERT INTO `pms_product_attribute_value` VALUES (260, 32, 39, 'зҹӯиў–');
INSERT INTO `pms_product_attribute_value` VALUES (265, 33, 54, '4609652');
INSERT INTO `pms_product_attribute_value` VALUES (266, 33, 55, '28.6kg');
INSERT INTO `pms_product_attribute_value` VALUES (267, 33, 56, 'дёӯеӣҪеӨ§йҷҶ');
INSERT INTO `pms_product_attribute_value` VALUES (268, 33, 57, 'еӨ§еұҸ');
INSERT INTO `pms_product_attribute_value` VALUES (269, 34, 54, '4609660');
INSERT INTO `pms_product_attribute_value` VALUES (270, 34, 55, '30.8kg');
INSERT INTO `pms_product_attribute_value` VALUES (271, 34, 56, 'дёӯеӣҪеӨ§йҷҶ');
INSERT INTO `pms_product_attribute_value` VALUES (272, 34, 57, '4Kи¶…жё…');
INSERT INTO `pms_product_attribute_value` VALUES (288, 27, 43, 'й»‘иүІ,и“қиүІ');
INSERT INTO `pms_product_attribute_value` VALUES (289, 27, 45, '5.8');
INSERT INTO `pms_product_attribute_value` VALUES (290, 27, 46, '4G');
INSERT INTO `pms_product_attribute_value` VALUES (291, 27, 47, 'Android');
INSERT INTO `pms_product_attribute_value` VALUES (292, 27, 48, '3000ml');
INSERT INTO `pms_product_attribute_value` VALUES (303, 28, 43, 'йҮ‘иүІ,й“¶иүІ');
INSERT INTO `pms_product_attribute_value` VALUES (304, 28, 45, '5.0');
INSERT INTO `pms_product_attribute_value` VALUES (305, 28, 46, '4G');
INSERT INTO `pms_product_attribute_value` VALUES (306, 28, 47, 'Android');
INSERT INTO `pms_product_attribute_value` VALUES (307, 28, 48, '2800ml');
INSERT INTO `pms_product_attribute_value` VALUES (308, 29, 43, 'йҮ‘иүІ,й“¶иүІ');
INSERT INTO `pms_product_attribute_value` VALUES (309, 29, 45, '4.7');
INSERT INTO `pms_product_attribute_value` VALUES (310, 29, 46, '4G');
INSERT INTO `pms_product_attribute_value` VALUES (311, 29, 47, 'IOS');
INSERT INTO `pms_product_attribute_value` VALUES (312, 29, 48, '1960ml');
INSERT INTO `pms_product_attribute_value` VALUES (338, 37, 43, 'еҚҲеӨңиүІ,жҳҹе…үиүІ,зҙ«иүІ,и“қиүІ');
INSERT INTO `pms_product_attribute_value` VALUES (339, 37, 45, '6.1иӢұеҜё');
INSERT INTO `pms_product_attribute_value` VALUES (340, 37, 46, '5G');
INSERT INTO `pms_product_attribute_value` VALUES (341, 37, 47, 'IOS');
INSERT INTO `pms_product_attribute_value` VALUES (342, 37, 48, '3000жҜ«е®ү');
INSERT INTO `pms_product_attribute_value` VALUES (443, 38, 43, 'й“¶иүІ,и“қиүІ');
INSERT INTO `pms_product_attribute_value` VALUES (444, 38, 45, '10.9иӢұеҜё');
INSERT INTO `pms_product_attribute_value` VALUES (445, 38, 46, 'WLAN');
INSERT INTO `pms_product_attribute_value` VALUES (446, 38, 47, 'IOS');
INSERT INTO `pms_product_attribute_value` VALUES (447, 38, 48, '6000жҜ«е®ү');
INSERT INTO `pms_product_attribute_value` VALUES (448, 39, 58, 'ж–°е°ҸзұіPro 14иӢұеҜё 2.8KеұҸ,ж–°Redmi Pro 15иӢұеҜё 3.2KеұҸ');
INSERT INTO `pms_product_attribute_value` VALUES (449, 39, 60, '15.6иӢұеҜё');
INSERT INTO `pms_product_attribute_value` VALUES (450, 39, 61, '3200*2000');
INSERT INTO `pms_product_attribute_value` VALUES (451, 39, 62, 'R5 6600H');
INSERT INTO `pms_product_attribute_value` VALUES (452, 41, 43, 'еўЁзҫҪ,й“¶иҝ№');
INSERT INTO `pms_product_attribute_value` VALUES (453, 41, 45, '6.67иӢұеҜё');
INSERT INTO `pms_product_attribute_value` VALUES (454, 41, 46, '5G');
INSERT INTO `pms_product_attribute_value` VALUES (455, 41, 47, 'Android');
INSERT INTO `pms_product_attribute_value` VALUES (456, 41, 48, '5500mAh');
INSERT INTO `pms_product_attribute_value` VALUES (457, 42, 43, 'жӣңйҮ‘й»‘,еҶ°йңңй“¶');
INSERT INTO `pms_product_attribute_value` VALUES (458, 42, 45, '6.7иӢұеҜё');
INSERT INTO `pms_product_attribute_value` VALUES (459, 42, 46, '5G');
INSERT INTO `pms_product_attribute_value` VALUES (460, 42, 47, 'Android');
INSERT INTO `pms_product_attribute_value` VALUES (461, 42, 48, '4460mAh');
INSERT INTO `pms_product_attribute_value` VALUES (462, 43, 63, 'JSQ25-565W13гҖҗ13еҚҮгҖ‘гҖҗжҒ’жё©ж——иҲ°ж¬ҫгҖ‘,JSQ30-565W16гҖҗ16еҚҮгҖ‘гҖҗжҒ’жё©ж——иҲ°ж¬ҫгҖ‘');
INSERT INTO `pms_product_attribute_value` VALUES (463, 43, 64, '2021-05');
INSERT INTO `pms_product_attribute_value` VALUES (464, 43, 65, '15.5kg');
INSERT INTO `pms_product_attribute_value` VALUES (465, 43, 66, '30w');
INSERT INTO `pms_product_attribute_value` VALUES (466, 44, 67, 'ж–°е“Ғ980пҪңNVMe PCIe3.0*4,980 PROпҪңNVMe PCIe 4.0');
INSERT INTO `pms_product_attribute_value` VALUES (467, 44, 69, '980');
INSERT INTO `pms_product_attribute_value` VALUES (468, 44, 70, 'MZ-V8V500BW');
INSERT INTO `pms_product_attribute_value` VALUES (469, 44, 71, 'TLC');
INSERT INTO `pms_product_attribute_value` VALUES (470, 44, 72, '3100MB/s');
INSERT INTO `pms_product_attribute_value` VALUES (471, 44, 73, '2600MB/s');
INSERT INTO `pms_product_attribute_value` VALUES (472, 45, 43, 'йёўе°ҫзҙ«,жҷҙз©әи“қ');
INSERT INTO `pms_product_attribute_value` VALUES (473, 45, 45, '6.43иӢұеҜё');
INSERT INTO `pms_product_attribute_value` VALUES (474, 45, 46, '5G');
INSERT INTO `pms_product_attribute_value` VALUES (475, 45, 47, 'Android');
INSERT INTO `pms_product_attribute_value` VALUES (476, 45, 48, '4500mAh');
INSERT INTO `pms_product_attribute_value` VALUES (477, 40, 43, 'й»‘иүІ,и“қиүІ');
INSERT INTO `pms_product_attribute_value` VALUES (478, 40, 45, '6.73иӢұеҜё');
INSERT INTO `pms_product_attribute_value` VALUES (479, 40, 46, '5G');
INSERT INTO `pms_product_attribute_value` VALUES (480, 40, 47, 'Android');
INSERT INTO `pms_product_attribute_value` VALUES (481, 40, 48, '5160mAh');
INSERT INTO `pms_product_attribute_value` VALUES (512, 26, 43, 'йҮ‘иүІ,й“¶иүІ');
INSERT INTO `pms_product_attribute_value` VALUES (513, 26, 45, '5.0');
INSERT INTO `pms_product_attribute_value` VALUES (514, 26, 46, '4G');
INSERT INTO `pms_product_attribute_value` VALUES (515, 26, 47, 'Android');
INSERT INTO `pms_product_attribute_value` VALUES (516, 26, 48, '3000');

-- ----------------------------
-- Table structure for pms_product_category
-- ----------------------------
DROP TABLE IF EXISTS `pms_product_category`;
CREATE TABLE `pms_product_category`  (
  `id` bigint NOT NULL AUTO_INCREMENT,
  `parent_id` bigint NULL DEFAULT NULL COMMENT 'дёҠжңәеҲҶзұ»зҡ„зј–еҸ·пјҡ0иЎЁзӨәдёҖзә§еҲҶзұ»',
  `name` varchar(64) CHARACTER SET utf8mb3 COLLATE utf8mb3_general_ci NULL DEFAULT NULL,
  `level` int NULL DEFAULT NULL COMMENT 'еҲҶзұ»зә§еҲ«пјҡ0->1зә§пјӣ1->2зә§',
  `product_count` int NULL DEFAULT NULL,
  `product_unit` varchar(64) CHARACTER SET utf8mb3 COLLATE utf8mb3_general_ci NULL DEFAULT NULL,
  `nav_status` int NULL DEFAULT NULL COMMENT 'жҳҜеҗҰжҳҫзӨәеңЁеҜјиҲӘж Ҹпјҡ0->дёҚжҳҫзӨәпјӣ1->жҳҫзӨә',
  `show_status` int NULL DEFAULT NULL COMMENT 'жҳҫзӨәзҠ¶жҖҒпјҡ0->дёҚжҳҫзӨәпјӣ1->жҳҫзӨә',
  `sort` int NULL DEFAULT NULL,
  `icon` varchar(255) CHARACTER SET utf8mb3 COLLATE utf8mb3_general_ci NULL DEFAULT NULL COMMENT 'еӣҫж Ү',
  `keywords` varchar(255) CHARACTER SET utf8mb3 COLLATE utf8mb3_general_ci NULL DEFAULT NULL,
  `description` text CHARACTER SET utf8mb3 COLLATE utf8mb3_general_ci NULL COMMENT 'жҸҸиҝ°',
  PRIMARY KEY (`id`) USING BTREE
) ENGINE = InnoDB AUTO_INCREMENT = 56 CHARACTER SET = utf8mb3 COLLATE = utf8mb3_general_ci COMMENT = 'дә§е“ҒеҲҶзұ»' ROW_FORMAT = DYNAMIC;

-- ----------------------------
-- Records of pms_product_category
-- ----------------------------
INSERT INTO `pms_product_category` VALUES (1, 0, 'жңҚиЈ…', 0, 100, 'д»¶', 1, 1, 1, NULL, 'жңҚиЈ…', 'жңҚиЈ…еҲҶзұ»');
INSERT INTO `pms_product_category` VALUES (2, 0, 'жүӢжңәж•°з Ғ', 0, 100, 'д»¶', 1, 1, 1, NULL, 'жүӢжңәж•°з Ғ', 'жүӢжңәж•°з Ғ');
INSERT INTO `pms_product_category` VALUES (3, 0, 'е®¶з”Ёз”өеҷЁ', 0, 100, 'д»¶', 1, 1, 1, NULL, 'е®¶з”Ёз”өеҷЁ', 'е®¶з”Ёз”өеҷЁ');
INSERT INTO `pms_product_category` VALUES (4, 0, 'е®¶е…·е®¶иЈ…', 0, 100, 'д»¶', 1, 1, 1, NULL, 'е®¶е…·е®¶иЈ…', 'е®¶е…·е®¶иЈ…');
INSERT INTO `pms_product_category` VALUES (5, 0, 'жұҪиҪҰз”Ёе“Ғ', 0, 100, 'д»¶', 1, 1, 1, NULL, 'жұҪиҪҰз”Ёе“Ғ', 'жұҪиҪҰз”Ёе“Ғ');
INSERT INTO `pms_product_category` VALUES (7, 1, 'еӨ–еҘ—', 1, 100, 'д»¶', 1, 1, 0, 'http://macro-oss.oss-cn-shenzhen.aliyuncs.com/mall/images/20190519/5ac4780cN6087feb5.jpg', 'еӨ–еҘ—', 'еӨ–еҘ—');
INSERT INTO `pms_product_category` VALUES (8, 1, 'TжҒӨ', 1, 100, 'д»¶', 1, 1, 0, 'http://macro-oss.oss-cn-shenzhen.aliyuncs.com/mall/images/20190519/5ac47ffaN8a7b2e14.png', 'TжҒӨ', 'TжҒӨ');
INSERT INTO `pms_product_category` VALUES (9, 1, 'дј‘й—ІиЈӨ', 1, 100, 'д»¶', 1, 1, 0, 'http://macro-oss.oss-cn-shenzhen.aliyuncs.com/mall/images/20190519/5ac47845N7374a31d.jpg', 'дј‘й—ІиЈӨ', 'дј‘й—ІиЈӨ');
INSERT INTO `pms_product_category` VALUES (10, 1, 'зүӣд»”иЈӨ', 1, 100, 'д»¶', 1, 1, 0, 'http://macro-oss.oss-cn-shenzhen.aliyuncs.com/mall/images/20190519/5ac47841Nff658599.jpg', 'зүӣд»”иЈӨ', 'зүӣд»”иЈӨ');
INSERT INTO `pms_product_category` VALUES (11, 1, 'иЎ¬иЎ«', 1, 100, 'д»¶', 1, 1, 0, 'http://macro-oss.oss-cn-shenzhen.aliyuncs.com/mall/images/20190519/5ac48007Nb30b2118.jpg', 'иЎ¬иЎ«', 'иЎ¬иЎ«еҲҶзұ»');
INSERT INTO `pms_product_category` VALUES (13, 12, 'е®¶з”өеӯҗеҲҶзұ»1', 1, 1, 'string', 0, 1, 0, 'string', 'string', 'string');
INSERT INTO `pms_product_category` VALUES (14, 12, 'е®¶з”өеӯҗеҲҶзұ»2', 1, 1, 'string', 0, 1, 0, 'string', 'string', 'string');
INSERT INTO `pms_product_category` VALUES (19, 2, 'жүӢжңәйҖҡи®Ҝ', 1, 0, 'д»¶', 0, 1, 0, 'http://macro-oss.oss-cn-shenzhen.aliyuncs.com/mall/images/20190519/5ac48d27N3f5bb821.jpg', 'жүӢжңәйҖҡи®Ҝ', 'жүӢжңәйҖҡи®Ҝ');
INSERT INTO `pms_product_category` VALUES (29, 1, 'з”·йһӢ', 1, 0, '', 0, 0, 0, '', '', '');
INSERT INTO `pms_product_category` VALUES (30, 2, 'жүӢжңәй…Қд»¶', 1, 0, '', 0, 1, 0, 'http://macro-oss.oss-cn-shenzhen.aliyuncs.com/mall/images/20190519/5ac48672N11cf61fe.jpg', 'жүӢжңәй…Қд»¶', 'жүӢжңәй…Қд»¶');
INSERT INTO `pms_product_category` VALUES (31, 2, 'ж‘„еҪұж‘„еғҸ', 1, 0, '', 0, 1, 0, 'http://macro-oss.oss-cn-shenzhen.aliyuncs.com/mall/images/20190519/5a1679f2Nc2f659b6.jpg', '', '');
INSERT INTO `pms_product_category` VALUES (32, 2, 'еҪұйҹіеЁұд№җ', 1, 0, '', 0, 1, 0, 'http://macro-oss.oss-cn-shenzhen.aliyuncs.com/mall/images/20190519/5a167859N01d8198b.jpg', '', '');
INSERT INTO `pms_product_category` VALUES (33, 2, 'ж•°з Ғй…Қд»¶', 1, 0, '', 0, 1, 0, 'http://macro-oss.oss-cn-shenzhen.aliyuncs.com/mall/images/20190519/5a1676e9N1ba70a81.jpg', '', '');
INSERT INTO `pms_product_category` VALUES (34, 2, 'жҷәиғҪи®ҫеӨҮ', 1, 0, '', 0, 0, 0, '', '', '');
INSERT INTO `pms_product_category` VALUES (35, 3, 'з”өи§Ҷ', 1, 0, '', 0, 1, 0, 'http://macro-oss.oss-cn-shenzhen.aliyuncs.com/mall/images/20200607/5a17f71eN25360979.jpg', '', '');
INSERT INTO `pms_product_category` VALUES (36, 3, 'з©әи°ғ', 1, 0, '', 0, 1, 0, 'http://macro-oss.oss-cn-shenzhen.aliyuncs.com/mall/images/20200607/5a17f6f6Ndfe746aa.jpg', '', '');
INSERT INTO `pms_product_category` VALUES (37, 3, 'жҙ—иЎЈжңә', 1, 0, '', 0, 1, 0, 'http://macro-oss.oss-cn-shenzhen.aliyuncs.com/mall/images/20200607/5a17f6eaN9ec936de.jpg', '', '');
INSERT INTO `pms_product_category` VALUES (38, 3, 'еҶ°з®ұ', 1, 0, '', 0, 1, 0, 'http://macro-oss.oss-cn-shenzhen.aliyuncs.com/mall/images/20200607/5a17f6c5Ne56d7e26.jpg', '', '');
INSERT INTO `pms_product_category` VALUES (39, 3, 'еҺЁеҚ«еӨ§з”ө', 1, 0, '', 0, 1, 0, 'http://macro-oss.oss-cn-shenzhen.aliyuncs.com/mall/images/20200607/5a17f369N6a55ff3f.jpg', '', '');
INSERT INTO `pms_product_category` VALUES (40, 3, 'еҺЁжҲҝе°Ҹз”ө', 1, 0, '', 0, 0, 0, '', '', '');
INSERT INTO `pms_product_category` VALUES (41, 3, 'з”ҹжҙ»з”өеҷЁ', 1, 0, '', 0, 0, 0, '', '', '');
INSERT INTO `pms_product_category` VALUES (42, 3, 'дёӘжҠӨеҒҘеә·', 1, 0, '', 0, 0, 0, '', '', '');
INSERT INTO `pms_product_category` VALUES (43, 4, 'еҺЁжҲҝеҚ«жөҙ', 1, 0, '', 0, 1, 0, 'http://macro-oss.oss-cn-shenzhen.aliyuncs.com/mall/images/20200607/5a1eb12cN5ab932bb.jpg', '', '');
INSERT INTO `pms_product_category` VALUES (44, 4, 'зҒҜйҘ°з…§жҳҺ', 1, 0, '', 0, 1, 0, 'http://macro-oss.oss-cn-shenzhen.aliyuncs.com/mall/images/20200607/5a1eb115Na5705672.jpg', '', '');
INSERT INTO `pms_product_category` VALUES (45, 4, 'дә”йҮ‘е·Ҙе…·', 1, 0, '', 0, 1, 0, 'http://macro-oss.oss-cn-shenzhen.aliyuncs.com/mall/images/20200607/5a28e743Nf6d99998.jpg', '', '');
INSERT INTO `pms_product_category` VALUES (46, 4, 'еҚ§е®Өе®¶е…·', 1, 0, '', 0, 1, 0, 'http://macro-oss.oss-cn-shenzhen.aliyuncs.com/mall/images/20200607/5a1eb096N6326e0bd.jpg', '', '');
INSERT INTO `pms_product_category` VALUES (47, 4, 'е®ўеҺ…е®¶е…·', 1, 0, '', 0, 1, 0, 'http://macro-oss.oss-cn-shenzhen.aliyuncs.com/mall/images/20200607/5a1eb080N38c2e7b7.jpg', '', '');
INSERT INTO `pms_product_category` VALUES (48, 5, 'е…Ёж–°ж•ҙиҪҰ', 1, 0, '', 0, 1, 0, 'http://macro-oss.oss-cn-shenzhen.aliyuncs.com/mall/images/20200607/ebe31b9cc535e122.png', '', '');
INSERT INTO `pms_product_category` VALUES (49, 5, 'иҪҰиҪҪз”өеҷЁ', 1, 0, '', 0, 1, 0, 'http://macro-oss.oss-cn-shenzhen.aliyuncs.com/mall/images/20200607/5a1fb8d2N53bbd2ba.jpg', '', '');
INSERT INTO `pms_product_category` VALUES (50, 5, 'з»ҙдҝ®дҝқе…»', 1, 0, '', 0, 1, 0, 'http://macro-oss.oss-cn-shenzhen.aliyuncs.com/mall/images/20200607/5a1fb8baNbe801af8.jpg', '', '');
INSERT INTO `pms_product_category` VALUES (51, 5, 'жұҪиҪҰиЈ…йҘ°', 1, 0, '', 0, 1, 0, 'http://macro-oss.oss-cn-shenzhen.aliyuncs.com/mall/images/20200607/5a28ae20N34461e66.jpg', '', '');
INSERT INTO `pms_product_category` VALUES (52, 0, 'з”өи„‘еҠһе…¬', 0, 0, 'д»¶', 1, 1, 1, '', 'з”өи„‘еҠһе…¬', 'з”өи„‘еҠһе…¬');
INSERT INTO `pms_product_category` VALUES (53, 52, 'е№іжқҝз”өи„‘', 1, 0, 'д»¶', 0, 1, 0, 'http://macro-oss.oss-cn-shenzhen.aliyuncs.com/mall/images/20221028/pad_category_01.jpg', 'е№іжқҝз”өи„‘', 'е№іжқҝз”өи„‘');
INSERT INTO `pms_product_category` VALUES (54, 52, 'з¬”и®°жң¬', 1, 0, 'д»¶', 0, 1, 0, 'http://macro-oss.oss-cn-shenzhen.aliyuncs.com/mall/images/20221028/computer_category_01.jpg', 'з¬”и®°жң¬', 'з¬”и®°жң¬');
INSERT INTO `pms_product_category` VALUES (55, 52, 'зЎ¬зӣҳ', 1, 0, '', 0, 1, 0, 'http://macro-oss.oss-cn-shenzhen.aliyuncs.com/mall/images/20221108/ssd_category_01.jpg', 'зЎ¬зӣҳ', '');

-- ----------------------------
-- Table structure for pms_product_category_attribute_relation
-- ----------------------------
DROP TABLE IF EXISTS `pms_product_category_attribute_relation`;
CREATE TABLE `pms_product_category_attribute_relation`  (
  `id` bigint NOT NULL AUTO_INCREMENT,
  `product_category_id` bigint NULL DEFAULT NULL,
  `product_attribute_id` bigint NULL DEFAULT NULL,
  PRIMARY KEY (`id`) USING BTREE
) ENGINE = InnoDB AUTO_INCREMENT = 11 CHARACTER SET = utf8mb3 COLLATE = utf8mb3_general_ci COMMENT = 'дә§е“Ғзҡ„еҲҶзұ»е’ҢеұһжҖ§зҡ„е…ізі»иЎЁпјҢз”ЁдәҺи®ҫзҪ®еҲҶзұ»зӯӣйҖүжқЎд»¶пјҲеҸӘж”ҜжҢҒдёҖзә§еҲҶзұ»пјү' ROW_FORMAT = DYNAMIC;

-- ----------------------------
-- Records of pms_product_category_attribute_relation
-- ----------------------------
INSERT INTO `pms_product_category_attribute_relation` VALUES (1, 24, 24);
INSERT INTO `pms_product_category_attribute_relation` VALUES (5, 26, 24);
INSERT INTO `pms_product_category_attribute_relation` VALUES (7, 28, 24);
INSERT INTO `pms_product_category_attribute_relation` VALUES (9, 25, 24);
INSERT INTO `pms_product_category_attribute_relation` VALUES (10, 25, 25);

-- ----------------------------
-- Table structure for pms_product_full_reduction
-- ----------------------------
DROP TABLE IF EXISTS `pms_product_full_reduction`;
CREATE TABLE `pms_product_full_reduction`  (
  `id` bigint NOT NULL AUTO_INCREMENT,
  `product_id` bigint NULL DEFAULT NULL,
  `full_price` decimal(10, 2) NULL DEFAULT NULL,
  `reduce_price` decimal(10, 2) NULL DEFAULT NULL,
  PRIMARY KEY (`id`) USING BTREE
) ENGINE = InnoDB AUTO_INCREMENT = 148 CHARACTER SET = utf8mb3 COLLATE = utf8mb3_general_ci COMMENT = 'дә§е“Ғж»ЎеҮҸиЎЁ(еҸӘй’ҲеҜ№еҗҢе•Ҷе“Ғ)' ROW_FORMAT = DYNAMIC;

-- ----------------------------
-- Records of pms_product_full_reduction
-- ----------------------------
INSERT INTO `pms_product_full_reduction` VALUES (1, 7, 100.00, 20.00);
INSERT INTO `pms_product_full_reduction` VALUES (2, 8, 100.00, 20.00);
INSERT INTO `pms_product_full_reduction` VALUES (3, 9, 100.00, 20.00);
INSERT INTO `pms_product_full_reduction` VALUES (4, 10, 100.00, 20.00);
INSERT INTO `pms_product_full_reduction` VALUES (5, 11, 100.00, 20.00);
INSERT INTO `pms_product_full_reduction` VALUES (6, 12, 100.00, 20.00);
INSERT INTO `pms_product_full_reduction` VALUES (7, 13, 100.00, 20.00);
INSERT INTO `pms_product_full_reduction` VALUES (8, 14, 100.00, 20.00);
INSERT INTO `pms_product_full_reduction` VALUES (9, 18, 100.00, 20.00);
INSERT INTO `pms_product_full_reduction` VALUES (10, 7, 200.00, 50.00);
INSERT INTO `pms_product_full_reduction` VALUES (11, 7, 300.00, 100.00);
INSERT INTO `pms_product_full_reduction` VALUES (14, 22, 0.00, 0.00);
INSERT INTO `pms_product_full_reduction` VALUES (16, 24, 0.00, 0.00);
INSERT INTO `pms_product_full_reduction` VALUES (34, 23, 0.00, 0.00);
INSERT INTO `pms_product_full_reduction` VALUES (78, 36, 0.00, 0.00);
INSERT INTO `pms_product_full_reduction` VALUES (79, 35, 0.00, 0.00);
INSERT INTO `pms_product_full_reduction` VALUES (83, 30, 0.00, 0.00);
INSERT INTO `pms_product_full_reduction` VALUES (84, 31, 0.00, 0.00);
INSERT INTO `pms_product_full_reduction` VALUES (85, 32, 0.00, 0.00);
INSERT INTO `pms_product_full_reduction` VALUES (87, 33, 0.00, 0.00);
INSERT INTO `pms_product_full_reduction` VALUES (88, 34, 0.00, 0.00);
INSERT INTO `pms_product_full_reduction` VALUES (93, 27, 0.00, 0.00);
INSERT INTO `pms_product_full_reduction` VALUES (96, 28, 500.00, 50.00);
INSERT INTO `pms_product_full_reduction` VALUES (97, 28, 1000.00, 120.00);
INSERT INTO `pms_product_full_reduction` VALUES (98, 29, 0.00, 0.00);
INSERT INTO `pms_product_full_reduction` VALUES (104, 37, 0.00, 0.00);
INSERT INTO `pms_product_full_reduction` VALUES (126, 38, 0.00, 0.00);
INSERT INTO `pms_product_full_reduction` VALUES (127, 39, 0.00, 0.00);
INSERT INTO `pms_product_full_reduction` VALUES (128, 41, 0.00, 0.00);
INSERT INTO `pms_product_full_reduction` VALUES (129, 42, 0.00, 0.00);
INSERT INTO `pms_product_full_reduction` VALUES (130, 43, 0.00, 0.00);
INSERT INTO `pms_product_full_reduction` VALUES (131, 44, 0.00, 0.00);
INSERT INTO `pms_product_full_reduction` VALUES (132, 45, 2000.00, 100.00);
INSERT INTO `pms_product_full_reduction` VALUES (133, 40, 2000.00, 200.00);
INSERT INTO `pms_product_full_reduction` VALUES (146, 26, 3000.00, 300.00);
INSERT INTO `pms_product_full_reduction` VALUES (147, 26, 5000.00, 500.00);

-- ----------------------------
-- Table structure for pms_product_ladder
-- ----------------------------
DROP TABLE IF EXISTS `pms_product_ladder`;
CREATE TABLE `pms_product_ladder`  (
  `id` bigint NOT NULL AUTO_INCREMENT,
  `product_id` bigint NULL DEFAULT NULL,
  `count` int NULL DEFAULT NULL COMMENT 'ж»Ўи¶ізҡ„е•Ҷе“Ғж•°йҮҸ',
  `discount` decimal(10, 2) NULL DEFAULT NULL COMMENT 'жҠҳжүЈ',
  `price` decimal(10, 2) NULL DEFAULT NULL COMMENT 'жҠҳеҗҺд»·ж ј',
  PRIMARY KEY (`id`) USING BTREE
) ENGINE = InnoDB AUTO_INCREMENT = 148 CHARACTER SET = utf8mb3 COLLATE = utf8mb3_general_ci COMMENT = 'дә§е“Ғйҳ¶жўҜд»·ж јиЎЁ(еҸӘй’ҲеҜ№еҗҢе•Ҷе“Ғ)' ROW_FORMAT = DYNAMIC;

-- ----------------------------
-- Records of pms_product_ladder
-- ----------------------------
INSERT INTO `pms_product_ladder` VALUES (1, 7, 3, 0.70, 0.00);
INSERT INTO `pms_product_ladder` VALUES (2, 8, 3, 0.70, 0.00);
INSERT INTO `pms_product_ladder` VALUES (3, 9, 3, 0.70, 0.00);
INSERT INTO `pms_product_ladder` VALUES (4, 10, 3, 0.70, 0.00);
INSERT INTO `pms_product_ladder` VALUES (5, 11, 3, 0.70, 0.00);
INSERT INTO `pms_product_ladder` VALUES (6, 12, 3, 0.70, 0.00);
INSERT INTO `pms_product_ladder` VALUES (7, 13, 3, 0.70, 0.00);
INSERT INTO `pms_product_ladder` VALUES (8, 14, 3, 0.70, 0.00);
INSERT INTO `pms_product_ladder` VALUES (12, 18, 3, 0.70, 0.00);
INSERT INTO `pms_product_ladder` VALUES (14, 7, 4, 0.60, 0.00);
INSERT INTO `pms_product_ladder` VALUES (15, 7, 5, 0.50, 0.00);
INSERT INTO `pms_product_ladder` VALUES (18, 22, 0, 0.00, 0.00);
INSERT INTO `pms_product_ladder` VALUES (20, 24, 0, 0.00, 0.00);
INSERT INTO `pms_product_ladder` VALUES (38, 23, 0, 0.00, 0.00);
INSERT INTO `pms_product_ladder` VALUES (83, 36, 0, 0.00, 0.00);
INSERT INTO `pms_product_ladder` VALUES (84, 35, 0, 0.00, 0.00);
INSERT INTO `pms_product_ladder` VALUES (88, 30, 0, 0.00, 0.00);
INSERT INTO `pms_product_ladder` VALUES (89, 31, 0, 0.00, 0.00);
INSERT INTO `pms_product_ladder` VALUES (90, 32, 0, 0.00, 0.00);
INSERT INTO `pms_product_ladder` VALUES (92, 33, 0, 0.00, 0.00);
INSERT INTO `pms_product_ladder` VALUES (93, 34, 0, 0.00, 0.00);
INSERT INTO `pms_product_ladder` VALUES (99, 27, 2, 0.80, 0.00);
INSERT INTO `pms_product_ladder` VALUES (100, 27, 3, 0.75, 0.00);
INSERT INTO `pms_product_ladder` VALUES (103, 28, 0, 0.00, 0.00);
INSERT INTO `pms_product_ladder` VALUES (104, 29, 0, 0.00, 0.00);
INSERT INTO `pms_product_ladder` VALUES (110, 37, 0, 0.00, 0.00);
INSERT INTO `pms_product_ladder` VALUES (133, 38, 0, 0.00, 0.00);
INSERT INTO `pms_product_ladder` VALUES (134, 39, 0, 0.00, 0.00);
INSERT INTO `pms_product_ladder` VALUES (135, 41, 0, 0.00, 0.00);
INSERT INTO `pms_product_ladder` VALUES (136, 42, 0, 0.00, 0.00);
INSERT INTO `pms_product_ladder` VALUES (137, 43, 0, 0.00, 0.00);
INSERT INTO `pms_product_ladder` VALUES (138, 44, 0, 0.00, 0.00);
INSERT INTO `pms_product_ladder` VALUES (139, 45, 1, 0.70, 0.00);
INSERT INTO `pms_product_ladder` VALUES (140, 40, 0, 0.00, 0.00);
INSERT INTO `pms_product_ladder` VALUES (147, 26, 0, 0.00, 0.00);

-- ----------------------------
-- Table structure for pms_product_operate_log
-- ----------------------------
DROP TABLE IF EXISTS `pms_product_operate_log`;
CREATE TABLE `pms_product_operate_log`  (
  `id` bigint NOT NULL AUTO_INCREMENT,
  `product_id` bigint NULL DEFAULT NULL,
  `price_old` decimal(10, 2) NULL DEFAULT NULL,
  `price_new` decimal(10, 2) NULL DEFAULT NULL,
  `sale_price_old` decimal(10, 2) NULL DEFAULT NULL,
  `sale_price_new` decimal(10, 2) NULL DEFAULT NULL,
  `gift_point_old` int NULL DEFAULT NULL COMMENT 'иө йҖҒзҡ„з§ҜеҲҶ',
  `gift_point_new` int NULL DEFAULT NULL,
  `use_point_limit_old` int NULL DEFAULT NULL,
  `use_point_limit_new` int NULL DEFAULT NULL,
  `operate_man` varchar(64) CHARACTER SET utf8mb3 COLLATE utf8mb3_general_ci NULL DEFAULT NULL COMMENT 'ж“ҚдҪңдәә',
  `create_time` datetime NULL DEFAULT NULL,
  PRIMARY KEY (`id`) USING BTREE
) ENGINE = InnoDB AUTO_INCREMENT = 1 CHARACTER SET = utf8mb3 COLLATE = utf8mb3_general_ci ROW_FORMAT = DYNAMIC;

-- ----------------------------
-- Records of pms_product_operate_log
-- ----------------------------

-- ----------------------------
-- Table structure for pms_product_vertify_record
-- ----------------------------
DROP TABLE IF EXISTS `pms_product_vertify_record`;
CREATE TABLE `pms_product_vertify_record`  (
  `id` bigint NOT NULL AUTO_INCREMENT,
  `product_id` bigint NULL DEFAULT NULL,
  `create_time` datetime NULL DEFAULT NULL,
  `vertify_man` varchar(64) CHARACTER SET utf8mb3 COLLATE utf8mb3_general_ci NULL DEFAULT NULL COMMENT 'е®Ўж ёдәә',
  `status` int NULL DEFAULT NULL,
  `detail` varchar(255) CHARACTER SET utf8mb3 COLLATE utf8mb3_general_ci NULL DEFAULT NULL COMMENT 'еҸҚйҰҲиҜҰжғ…',
  PRIMARY KEY (`id`) USING BTREE
) ENGINE = InnoDB AUTO_INCREMENT = 3 CHARACTER SET = utf8mb3 COLLATE = utf8mb3_general_ci COMMENT = 'е•Ҷе“Ғе®Ўж ёи®°еҪ•' ROW_FORMAT = DYNAMIC;

-- ----------------------------
-- Records of pms_product_vertify_record
-- ----------------------------
INSERT INTO `pms_product_vertify_record` VALUES (1, 1, '2018-04-27 16:36:41', 'test', 1, 'йӘҢиҜҒйҖҡиҝҮ');
INSERT INTO `pms_product_vertify_record` VALUES (2, 2, '2018-04-27 16:36:41', 'test', 1, 'йӘҢиҜҒйҖҡиҝҮ');

-- ----------------------------
-- Table structure for pms_sku_stock
-- ----------------------------
DROP TABLE IF EXISTS `pms_sku_stock`;
CREATE TABLE `pms_sku_stock`  (
  `id` bigint NOT NULL AUTO_INCREMENT,
  `product_id` bigint NULL DEFAULT NULL,
  `sku_code` varchar(64) CHARACTER SET utf8mb3 COLLATE utf8mb3_general_ci NOT NULL COMMENT 'skuзј–з Ғ',
  `price` decimal(10, 2) NULL DEFAULT NULL,
  `stock` int NULL DEFAULT 0 COMMENT 'еә“еӯҳ',
  `low_stock` int NULL DEFAULT NULL COMMENT 'йў„иӯҰеә“еӯҳ',
  `pic` varchar(255) CHARACTER SET utf8mb3 COLLATE utf8mb3_general_ci NULL DEFAULT NULL COMMENT 'еұ•зӨәеӣҫзүҮ',
  `sale` int NULL DEFAULT NULL COMMENT 'й”ҖйҮҸ',
  `promotion_price` decimal(10, 2) NULL DEFAULT NULL COMMENT 'еҚ•е“Ғдҝғй”Җд»·ж ј',
  `lock_stock` int NULL DEFAULT 0 COMMENT 'й”Ғе®ҡеә“еӯҳ',
  `sp_data` varchar(500) CHARACTER SET utf8mb3 COLLATE utf8mb3_general_ci NULL DEFAULT NULL COMMENT 'е•Ҷе“Ғй”Җе”®еұһжҖ§пјҢjsonж јејҸ',
  PRIMARY KEY (`id`) USING BTREE
) ENGINE = InnoDB AUTO_INCREMENT = 243 CHARACTER SET = utf8mb3 COLLATE = utf8mb3_general_ci COMMENT = 'skuзҡ„еә“еӯҳ' ROW_FORMAT = DYNAMIC;

-- ----------------------------
-- Records of pms_sku_stock
-- ----------------------------
INSERT INTO `pms_sku_stock` VALUES (98, 27, '201808270027001', 2699.00, 86, NULL, NULL, NULL, NULL, -24, '[{\"key\":\"йўңиүІ\",\"value\":\"й»‘иүІ\"},{\"key\":\"е®№йҮҸ\",\"value\":\"32G\"}]');
INSERT INTO `pms_sku_stock` VALUES (99, 27, '201808270027002', 2999.00, 100, NULL, NULL, NULL, NULL, 0, '[{\"key\":\"йўңиүІ\",\"value\":\"й»‘иүІ\"},{\"key\":\"е®№йҮҸ\",\"value\":\"64G\"}]');
INSERT INTO `pms_sku_stock` VALUES (100, 27, '201808270027003', 2699.00, 100, NULL, NULL, NULL, NULL, 0, '[{\"key\":\"йўңиүІ\",\"value\":\"и“қиүІ\"},{\"key\":\"е®№йҮҸ\",\"value\":\"32G\"}]');
INSERT INTO `pms_sku_stock` VALUES (101, 27, '201808270027004', 2999.00, 100, NULL, NULL, NULL, NULL, 0, '[{\"key\":\"йўңиүІ\",\"value\":\"и“қиүІ\"},{\"key\":\"е®№йҮҸ\",\"value\":\"64G\"}]');
INSERT INTO `pms_sku_stock` VALUES (102, 28, '201808270028001', 649.00, 99, NULL, NULL, NULL, NULL, -8, '[{\"key\":\"йўңиүІ\",\"value\":\"йҮ‘иүІ\"},{\"key\":\"е®№йҮҸ\",\"value\":\"16G\"}]');
INSERT INTO `pms_sku_stock` VALUES (103, 28, '201808270028002', 699.00, 99, NULL, NULL, NULL, NULL, -8, '[{\"key\":\"йўңиүІ\",\"value\":\"йҮ‘иүІ\"},{\"key\":\"е®№йҮҸ\",\"value\":\"32G\"}]');
INSERT INTO `pms_sku_stock` VALUES (104, 28, '201808270028003', 649.00, 100, NULL, NULL, NULL, NULL, 0, '[{\"key\":\"йўңиүІ\",\"value\":\"й“¶иүІ\"},{\"key\":\"е®№йҮҸ\",\"value\":\"16G\"}]');
INSERT INTO `pms_sku_stock` VALUES (105, 28, '201808270028004', 699.00, 100, NULL, NULL, NULL, NULL, 0, '[{\"key\":\"йўңиүІ\",\"value\":\"й“¶иүІ\"},{\"key\":\"е®№йҮҸ\",\"value\":\"32G\"}]');
INSERT INTO `pms_sku_stock` VALUES (106, 29, '201808270029001', 5499.00, 99, NULL, NULL, NULL, 4999.00, -8, '[{\"key\":\"йўңиүІ\",\"value\":\"йҮ‘иүІ\"},{\"key\":\"е®№йҮҸ\",\"value\":\"32G\"}]');
INSERT INTO `pms_sku_stock` VALUES (107, 29, '201808270029002', 6299.00, 100, NULL, NULL, NULL, 5799.00, 0, '[{\"key\":\"йўңиүІ\",\"value\":\"йҮ‘иүІ\"},{\"key\":\"е®№йҮҸ\",\"value\":\"64G\"}]');
INSERT INTO `pms_sku_stock` VALUES (108, 29, '201808270029003', 5499.00, 100, NULL, NULL, NULL, 4999.00, 0, '[{\"key\":\"йўңиүІ\",\"value\":\"й“¶иүІ\"},{\"key\":\"е®№йҮҸ\",\"value\":\"32G\"}]');
INSERT INTO `pms_sku_stock` VALUES (109, 29, '201808270029004', 6299.00, 100, NULL, NULL, NULL, 5799.00, 0, '[{\"key\":\"йўңиүІ\",\"value\":\"й“¶иүІ\"},{\"key\":\"е®№йҮҸ\",\"value\":\"64G\"}]');
INSERT INTO `pms_sku_stock` VALUES (110, 26, '201806070026001', 3788.00, 487, NULL, NULL, NULL, 3699.00, 0, '[{\"key\":\"йўңиүІ\",\"value\":\"йҮ‘иүІ\"},{\"key\":\"е®№йҮҸ\",\"value\":\"16G\"}]');
INSERT INTO `pms_sku_stock` VALUES (111, 26, '201806070026002', 3999.00, 499, NULL, NULL, NULL, 3899.00, 0, '[{\"key\":\"йўңиүІ\",\"value\":\"йҮ‘иүІ\"},{\"key\":\"е®№йҮҸ\",\"value\":\"32G\"}]');
INSERT INTO `pms_sku_stock` VALUES (112, 26, '201806070026003', 3788.00, 500, NULL, NULL, NULL, 3699.00, 0, '[{\"key\":\"йўңиүІ\",\"value\":\"й“¶иүІ\"},{\"key\":\"е®№йҮҸ\",\"value\":\"16G\"}]');
INSERT INTO `pms_sku_stock` VALUES (113, 26, '201806070026004', 3999.00, 500, NULL, NULL, NULL, 3899.00, 0, '[{\"key\":\"йўңиүІ\",\"value\":\"й“¶иүІ\"},{\"key\":\"е®№йҮҸ\",\"value\":\"32G\"}]');
INSERT INTO `pms_sku_stock` VALUES (163, 36, '202002210036001', 100.00, 100, 25, NULL, NULL, NULL, 0, '[{\"key\":\"йўңиүІ\",\"value\":\"зәўиүІ\"},{\"key\":\"е°әеҜё\",\"value\":\"38\"},{\"key\":\"йЈҺж ј\",\"value\":\"з§ӢеӯЈ\"}]');
INSERT INTO `pms_sku_stock` VALUES (164, 36, '202002210036002', 120.00, 98, 20, NULL, NULL, NULL, 0, '[{\"key\":\"йўңиүІ\",\"value\":\"зәўиүІ\"},{\"key\":\"е°әеҜё\",\"value\":\"38\"},{\"key\":\"йЈҺж ј\",\"value\":\"еӨҸеӯЈ\"}]');
INSERT INTO `pms_sku_stock` VALUES (165, 36, '202002210036003', 100.00, 100, 20, NULL, NULL, NULL, 0, '[{\"key\":\"йўңиүІ\",\"value\":\"зәўиүІ\"},{\"key\":\"е°әеҜё\",\"value\":\"39\"},{\"key\":\"йЈҺж ј\",\"value\":\"з§ӢеӯЈ\"}]');
INSERT INTO `pms_sku_stock` VALUES (166, 36, '202002210036004', 100.00, 100, 20, NULL, NULL, NULL, 0, '[{\"key\":\"йўңиүІ\",\"value\":\"зәўиүІ\"},{\"key\":\"е°әеҜё\",\"value\":\"39\"},{\"key\":\"йЈҺж ј\",\"value\":\"еӨҸеӯЈ\"}]');
INSERT INTO `pms_sku_stock` VALUES (167, 36, '202002210036005', 100.00, 100, 20, NULL, NULL, NULL, 0, '[{\"key\":\"йўңиүІ\",\"value\":\"и“қиүІ\"},{\"key\":\"е°әеҜё\",\"value\":\"38\"},{\"key\":\"йЈҺж ј\",\"value\":\"з§ӢеӯЈ\"}]');
INSERT INTO `pms_sku_stock` VALUES (168, 36, '202002210036006', 100.00, 100, 20, NULL, NULL, NULL, 0, '[{\"key\":\"йўңиүІ\",\"value\":\"и“қиүІ\"},{\"key\":\"е°әеҜё\",\"value\":\"38\"},{\"key\":\"йЈҺж ј\",\"value\":\"еӨҸеӯЈ\"}]');
INSERT INTO `pms_sku_stock` VALUES (169, 36, '202002210036007', 100.00, 100, 20, NULL, NULL, NULL, 0, '[{\"key\":\"йўңиүІ\",\"value\":\"и“қиүІ\"},{\"key\":\"е°әеҜё\",\"value\":\"39\"},{\"key\":\"йЈҺж ј\",\"value\":\"з§ӢеӯЈ\"}]');
INSERT INTO `pms_sku_stock` VALUES (170, 36, '202002210036008', 100.00, 100, 20, NULL, NULL, NULL, 0, '[{\"key\":\"йўңиүІ\",\"value\":\"и“қиүІ\"},{\"key\":\"е°әеҜё\",\"value\":\"39\"},{\"key\":\"йЈҺж ј\",\"value\":\"еӨҸеӯЈ\"}]');
INSERT INTO `pms_sku_stock` VALUES (171, 35, '202002250035001', 200.00, 100, 50, NULL, NULL, NULL, 0, '[{\"key\":\"йўңиүІ\",\"value\":\"зәўиүІ\"},{\"key\":\"е°әеҜё\",\"value\":\"38\"},{\"key\":\"йЈҺж ј\",\"value\":\"еӨҸеӯЈ\"}]');
INSERT INTO `pms_sku_stock` VALUES (172, 35, '202002250035002', 240.00, 100, 50, NULL, NULL, NULL, 0, '[{\"key\":\"йўңиүІ\",\"value\":\"зәўиүІ\"},{\"key\":\"е°әеҜё\",\"value\":\"38\"},{\"key\":\"йЈҺж ј\",\"value\":\"з§ӢеӯЈ\"}]');
INSERT INTO `pms_sku_stock` VALUES (173, 35, '202002250035003', 200.00, 100, 50, NULL, NULL, NULL, 0, '[{\"key\":\"йўңиүІ\",\"value\":\"зәўиүІ\"},{\"key\":\"е°әеҜё\",\"value\":\"39\"},{\"key\":\"йЈҺж ј\",\"value\":\"еӨҸеӯЈ\"}]');
INSERT INTO `pms_sku_stock` VALUES (174, 35, '202002250035004', 200.00, 100, 50, NULL, NULL, NULL, 0, '[{\"key\":\"йўңиүІ\",\"value\":\"зәўиүІ\"},{\"key\":\"е°әеҜё\",\"value\":\"39\"},{\"key\":\"йЈҺж ј\",\"value\":\"з§ӢеӯЈ\"}]');
INSERT INTO `pms_sku_stock` VALUES (175, 35, '202002250035005', 200.00, 100, 50, NULL, NULL, NULL, 0, '[{\"key\":\"йўңиүІ\",\"value\":\"и“қиүІ\"},{\"key\":\"е°әеҜё\",\"value\":\"38\"},{\"key\":\"йЈҺж ј\",\"value\":\"еӨҸеӯЈ\"}]');
INSERT INTO `pms_sku_stock` VALUES (176, 35, '202002250035006', 200.00, 100, 50, NULL, NULL, NULL, 0, '[{\"key\":\"йўңиүІ\",\"value\":\"и“қиүІ\"},{\"key\":\"е°әеҜё\",\"value\":\"38\"},{\"key\":\"йЈҺж ј\",\"value\":\"з§ӢеӯЈ\"}]');
INSERT INTO `pms_sku_stock` VALUES (177, 35, '202002250035007', 200.00, 100, 50, NULL, NULL, NULL, 0, '[{\"key\":\"йўңиүІ\",\"value\":\"и“қиүІ\"},{\"key\":\"е°әеҜё\",\"value\":\"39\"},{\"key\":\"йЈҺж ј\",\"value\":\"еӨҸеӯЈ\"}]');
INSERT INTO `pms_sku_stock` VALUES (178, 35, '202002250035008', 200.00, 100, 50, NULL, NULL, NULL, 0, '[{\"key\":\"йўңиүІ\",\"value\":\"и“қиүІ\"},{\"key\":\"е°әеҜё\",\"value\":\"39\"},{\"key\":\"йЈҺж ј\",\"value\":\"з§ӢеӯЈ\"}]');
INSERT INTO `pms_sku_stock` VALUES (179, 30, '202004190030001', 88.00, 100, 1, NULL, NULL, NULL, 0, '[{\"key\":\"йўңиүІ\",\"value\":\"и“қиүІ\"},{\"key\":\"е°әеҜё\",\"value\":\"X\"}]');
INSERT INTO `pms_sku_stock` VALUES (180, 30, '202004190030002', 88.00, 100, NULL, NULL, NULL, NULL, 0, '[{\"key\":\"йўңиүІ\",\"value\":\"и“қиүІ\"},{\"key\":\"е°әеҜё\",\"value\":\"XL\"}]');
INSERT INTO `pms_sku_stock` VALUES (181, 30, '202004190030003', 88.00, 100, NULL, NULL, NULL, NULL, 0, '[{\"key\":\"йўңиүІ\",\"value\":\"и“қиүІ\"},{\"key\":\"е°әеҜё\",\"value\":\"M\"}]');
INSERT INTO `pms_sku_stock` VALUES (182, 30, '202004190030004', 88.00, 100, NULL, NULL, NULL, NULL, 0, '[{\"key\":\"йўңиүІ\",\"value\":\"зҷҪиүІ\"},{\"key\":\"е°әеҜё\",\"value\":\"X\"}]');
INSERT INTO `pms_sku_stock` VALUES (183, 30, '202004190030005', 88.00, 100, NULL, NULL, NULL, NULL, 0, '[{\"key\":\"йўңиүІ\",\"value\":\"зҷҪиүІ\"},{\"key\":\"е°әеҜё\",\"value\":\"XL\"}]');
INSERT INTO `pms_sku_stock` VALUES (184, 30, '202004190030006', 88.00, 100, NULL, NULL, NULL, NULL, 0, '[{\"key\":\"йўңиүІ\",\"value\":\"зҷҪиүІ\"},{\"key\":\"е°әеҜё\",\"value\":\"M\"}]');
INSERT INTO `pms_sku_stock` VALUES (185, 31, '202004190031001', 88.00, 80, 10, NULL, NULL, NULL, 0, '[{\"key\":\"йўңиүІ\",\"value\":\"жө…зҒ°иүІ\"},{\"key\":\"е°әеҜё\",\"value\":\"X\"}]');
INSERT INTO `pms_sku_stock` VALUES (186, 31, '202004190031002', 88.00, 80, 10, NULL, NULL, NULL, 0, '[{\"key\":\"йўңиүІ\",\"value\":\"жө…зҒ°иүІ\"},{\"key\":\"е°әеҜё\",\"value\":\"XL\"}]');
INSERT INTO `pms_sku_stock` VALUES (187, 31, '202004190031003', 88.00, 80, 10, NULL, NULL, NULL, 0, '[{\"key\":\"йўңиүІ\",\"value\":\"ж·ұзҒ°иүІ\"},{\"key\":\"е°әеҜё\",\"value\":\"X\"}]');
INSERT INTO `pms_sku_stock` VALUES (188, 31, '202004190031004', 88.00, 80, 10, NULL, NULL, NULL, 0, '[{\"key\":\"йўңиүІ\",\"value\":\"ж·ұзҒ°иүІ\"},{\"key\":\"е°әеҜё\",\"value\":\"XL\"}]');
INSERT INTO `pms_sku_stock` VALUES (189, 32, '202004190032001', 99.00, 100, 10, NULL, NULL, NULL, 0, '[{\"key\":\"йўңиүІ\",\"value\":\"й»‘иүІ\"},{\"key\":\"е°әеҜё\",\"value\":\"X\"}]');
INSERT INTO `pms_sku_stock` VALUES (190, 32, '202004190032002', 99.00, 100, 10, NULL, NULL, NULL, 0, '[{\"key\":\"йўңиүІ\",\"value\":\"й»‘иүІ\"},{\"key\":\"е°әеҜё\",\"value\":\"M\"}]');
INSERT INTO `pms_sku_stock` VALUES (191, 32, '202004190032003', 99.00, 100, 10, NULL, NULL, NULL, 0, '[{\"key\":\"йўңиүІ\",\"value\":\"зҷҪиүІ\"},{\"key\":\"е°әеҜё\",\"value\":\"X\"}]');
INSERT INTO `pms_sku_stock` VALUES (192, 32, '202004190032004', 99.00, 100, 10, NULL, NULL, NULL, 0, '[{\"key\":\"йўңиүІ\",\"value\":\"зҷҪиүІ\"},{\"key\":\"е°әеҜё\",\"value\":\"M\"}]');
INSERT INTO `pms_sku_stock` VALUES (193, 33, '202004190033001', 2499.00, 500, 10, NULL, NULL, NULL, 0, '[{\"key\":\"е°әеҜё\",\"value\":\"50иӢұеҜё\"},{\"key\":\"еҶ…еӯҳ\",\"value\":\"8G\"}]');
INSERT INTO `pms_sku_stock` VALUES (194, 33, '202004190033002', 2499.00, 500, 10, NULL, NULL, NULL, 0, '[{\"key\":\"е°әеҜё\",\"value\":\"50иӢұеҜё\"},{\"key\":\"еҶ…еӯҳ\",\"value\":\"16G\"}]');
INSERT INTO `pms_sku_stock` VALUES (195, 33, '202004190033003', 2499.00, 500, 10, NULL, NULL, NULL, 0, '[{\"key\":\"е°әеҜё\",\"value\":\"65иӢұеҜё\"},{\"key\":\"еҶ…еӯҳ\",\"value\":\"8G\"}]');
INSERT INTO `pms_sku_stock` VALUES (196, 33, '202004190033004', 2499.00, 500, 10, NULL, NULL, NULL, 0, '[{\"key\":\"е°әеҜё\",\"value\":\"65иӢұеҜё\"},{\"key\":\"еҶ…еӯҳ\",\"value\":\"16G\"}]');
INSERT INTO `pms_sku_stock` VALUES (197, 34, '202004190034001', 3999.00, 500, 10, NULL, NULL, NULL, 0, '[{\"key\":\"е°әеҜё\",\"value\":\"65иӢұеҜё\"},{\"key\":\"еҶ…еӯҳ\",\"value\":\"16G\"}]');
INSERT INTO `pms_sku_stock` VALUES (198, 34, '202004190034002', 3999.00, 500, 10, NULL, NULL, NULL, 0, '[{\"key\":\"е°әеҜё\",\"value\":\"65иӢұеҜё\"},{\"key\":\"еҶ…еӯҳ\",\"value\":\"32G\"}]');
INSERT INTO `pms_sku_stock` VALUES (199, 34, '202004190034003', 3999.00, 500, 10, NULL, NULL, NULL, 0, '[{\"key\":\"е°әеҜё\",\"value\":\"70иӢұеҜё\"},{\"key\":\"еҶ…еӯҳ\",\"value\":\"16G\"}]');
INSERT INTO `pms_sku_stock` VALUES (200, 34, '202004190034004', 3999.00, 500, 10, NULL, NULL, NULL, 0, '[{\"key\":\"е°әеҜё\",\"value\":\"70иӢұеҜё\"},{\"key\":\"еҶ…еӯҳ\",\"value\":\"32G\"}]');
INSERT INTO `pms_sku_stock` VALUES (201, 37, '202210280037001', 5999.00, 195, NULL, 'http://macro-oss.oss-cn-shenzhen.aliyuncs.com/mall/images/20221028/iphone14_001.jpg', NULL, NULL, 1, '[{\"key\":\"йўңиүІ\",\"value\":\"еҚҲеӨңиүІ\"},{\"key\":\"е®№йҮҸ\",\"value\":\"128G\"}]');
INSERT INTO `pms_sku_stock` VALUES (202, 37, '202210280037002', 6899.00, 200, NULL, 'http://macro-oss.oss-cn-shenzhen.aliyuncs.com/mall/images/20221028/iphone14_001.jpg', NULL, NULL, 0, '[{\"key\":\"йўңиүІ\",\"value\":\"еҚҲеӨңиүІ\"},{\"key\":\"е®№йҮҸ\",\"value\":\"256G\"}]');
INSERT INTO `pms_sku_stock` VALUES (203, 37, '202210280037003', 8699.00, 200, NULL, 'http://macro-oss.oss-cn-shenzhen.aliyuncs.com/mall/images/20221028/iphone14_001.jpg', NULL, NULL, 0, '[{\"key\":\"йўңиүІ\",\"value\":\"еҚҲеӨңиүІ\"},{\"key\":\"е®№йҮҸ\",\"value\":\"512G\"}]');
INSERT INTO `pms_sku_stock` VALUES (204, 37, '202210280037004', 5999.00, 200, NULL, 'http://macro-oss.oss-cn-shenzhen.aliyuncs.com/mall/images/20221028/iphone14_002.jpg', NULL, NULL, 0, '[{\"key\":\"йўңиүІ\",\"value\":\"жҳҹе…үиүІ\"},{\"key\":\"е®№йҮҸ\",\"value\":\"128G\"}]');
INSERT INTO `pms_sku_stock` VALUES (205, 37, '202210280037005', 6899.00, 200, NULL, 'http://macro-oss.oss-cn-shenzhen.aliyuncs.com/mall/images/20221028/iphone14_002.jpg', NULL, NULL, 0, '[{\"key\":\"йўңиүІ\",\"value\":\"жҳҹе…үиүІ\"},{\"key\":\"е®№йҮҸ\",\"value\":\"256G\"}]');
INSERT INTO `pms_sku_stock` VALUES (206, 37, '202210280037006', 8699.00, 200, NULL, 'http://macro-oss.oss-cn-shenzhen.aliyuncs.com/mall/images/20221028/iphone14_002.jpg', NULL, NULL, 0, '[{\"key\":\"йўңиүІ\",\"value\":\"жҳҹе…үиүІ\"},{\"key\":\"е®№йҮҸ\",\"value\":\"512G\"}]');
INSERT INTO `pms_sku_stock` VALUES (207, 37, '202210280037007', 5999.00, 200, NULL, 'http://macro-oss.oss-cn-shenzhen.aliyuncs.com/mall/images/20221028/iphone14_003.jpg', NULL, NULL, 0, '[{\"key\":\"йўңиүІ\",\"value\":\"зҙ«иүІ\"},{\"key\":\"е®№йҮҸ\",\"value\":\"128G\"}]');
INSERT INTO `pms_sku_stock` VALUES (208, 37, '202210280037008', 6899.00, 200, NULL, 'http://macro-oss.oss-cn-shenzhen.aliyuncs.com/mall/images/20221028/iphone14_003.jpg', NULL, NULL, 0, '[{\"key\":\"йўңиүІ\",\"value\":\"зҙ«иүІ\"},{\"key\":\"е®№йҮҸ\",\"value\":\"256G\"}]');
INSERT INTO `pms_sku_stock` VALUES (209, 37, '202210280037009', 8699.00, 200, NULL, 'http://macro-oss.oss-cn-shenzhen.aliyuncs.com/mall/images/20221028/iphone14_003.jpg', NULL, NULL, 0, '[{\"key\":\"йўңиүІ\",\"value\":\"зҙ«иүІ\"},{\"key\":\"е®№йҮҸ\",\"value\":\"512G\"}]');
INSERT INTO `pms_sku_stock` VALUES (210, 37, '202210280037010', 5999.00, 200, NULL, 'http://macro-oss.oss-cn-shenzhen.aliyuncs.com/mall/images/20221028/iphone14_004.jpg', NULL, NULL, 0, '[{\"key\":\"йўңиүІ\",\"value\":\"и“қиүІ\"},{\"key\":\"е®№йҮҸ\",\"value\":\"128G\"}]');
INSERT INTO `pms_sku_stock` VALUES (211, 37, '202210280037011', 6899.00, 200, NULL, 'http://macro-oss.oss-cn-shenzhen.aliyuncs.com/mall/images/20221028/iphone14_004.jpg', NULL, NULL, 0, '[{\"key\":\"йўңиүІ\",\"value\":\"и“қиүІ\"},{\"key\":\"е®№йҮҸ\",\"value\":\"256G\"}]');
INSERT INTO `pms_sku_stock` VALUES (212, 37, '202210280037012', 8699.00, 200, NULL, 'http://macro-oss.oss-cn-shenzhen.aliyuncs.com/mall/images/20221028/iphone14_004.jpg', NULL, NULL, 0, '[{\"key\":\"йўңиүІ\",\"value\":\"и“қиүІ\"},{\"key\":\"е®№йҮҸ\",\"value\":\"512G\"}]');
INSERT INTO `pms_sku_stock` VALUES (213, 38, '202210280038001', 3599.00, 198, NULL, 'http://macro-oss.oss-cn-shenzhen.aliyuncs.com/mall/images/20221028/ipad_001.jpg', NULL, NULL, 0, '[{\"key\":\"йўңиүІ\",\"value\":\"й“¶иүІ\"},{\"key\":\"е®№йҮҸ\",\"value\":\"64G\"}]');
INSERT INTO `pms_sku_stock` VALUES (214, 38, '202210280038002', 4799.00, 200, NULL, 'http://macro-oss.oss-cn-shenzhen.aliyuncs.com/mall/images/20221028/ipad_001.jpg', NULL, NULL, 0, '[{\"key\":\"йўңиүІ\",\"value\":\"й“¶иүІ\"},{\"key\":\"е®№йҮҸ\",\"value\":\"256G\"}]');
INSERT INTO `pms_sku_stock` VALUES (215, 38, '202210280038003', 3599.00, 200, NULL, 'http://macro-oss.oss-cn-shenzhen.aliyuncs.com/mall/images/20221028/ipad_002.jpg', NULL, NULL, 0, '[{\"key\":\"йўңиүІ\",\"value\":\"и“қиүІ\"},{\"key\":\"е®№йҮҸ\",\"value\":\"64G\"}]');
INSERT INTO `pms_sku_stock` VALUES (216, 38, '202210280038004', 4799.00, 200, NULL, 'http://macro-oss.oss-cn-shenzhen.aliyuncs.com/mall/images/20221028/ipad_002.jpg', NULL, NULL, 0, '[{\"key\":\"йўңиүІ\",\"value\":\"и“қиүІ\"},{\"key\":\"е®№йҮҸ\",\"value\":\"256G\"}]');
INSERT INTO `pms_sku_stock` VALUES (217, 39, '202210280039001', 5999.00, 499, NULL, 'http://macro-oss.oss-cn-shenzhen.aliyuncs.com/mall/images/20221028/xiaomi_computer_001.jpg', NULL, NULL, 0, '[{\"key\":\"йўңиүІ\",\"value\":\"ж–°е°ҸзұіPro 14иӢұеҜё 2.8KеұҸ\"},{\"key\":\"зүҲжң¬\",\"value\":\"R7 16G 512\"}]');
INSERT INTO `pms_sku_stock` VALUES (218, 39, '202210280039002', 5599.00, 500, NULL, 'http://macro-oss.oss-cn-shenzhen.aliyuncs.com/mall/images/20221028/xiaomi_computer_001.jpg', NULL, NULL, 0, '[{\"key\":\"йўңиүІ\",\"value\":\"ж–°е°ҸзұіPro 14иӢұеҜё 2.8KеұҸ\"},{\"key\":\"зүҲжң¬\",\"value\":\"R5 16G 512\"}]');
INSERT INTO `pms_sku_stock` VALUES (219, 39, '202210280039003', 5499.00, 500, NULL, 'http://macro-oss.oss-cn-shenzhen.aliyuncs.com/mall/images/20221028/xiaomi_computer_002.jpg', NULL, NULL, 0, '[{\"key\":\"йўңиүІ\",\"value\":\"ж–°Redmi Pro 15иӢұеҜё 3.2KеұҸ\"},{\"key\":\"зүҲжң¬\",\"value\":\"R7 16G 512\"}]');
INSERT INTO `pms_sku_stock` VALUES (220, 39, '202210280039004', 4999.00, 500, NULL, 'http://macro-oss.oss-cn-shenzhen.aliyuncs.com/mall/images/20221028/xiaomi_computer_002.jpg', NULL, NULL, 0, '[{\"key\":\"йўңиүІ\",\"value\":\"ж–°Redmi Pro 15иӢұеҜё 3.2KеұҸ\"},{\"key\":\"зүҲжң¬\",\"value\":\"R5 16G 512\"}]');
INSERT INTO `pms_sku_stock` VALUES (221, 40, '202211040040001', 2999.00, 91, NULL, 'http://macro-oss.oss-cn-shenzhen.aliyuncs.com/mall/images/20221104/xiaomi_12_pro_01.jpg', NULL, NULL, 0, '[{\"key\":\"йўңиүІ\",\"value\":\"й»‘иүІ\"},{\"key\":\"е®№йҮҸ\",\"value\":\"128G\"}]');
INSERT INTO `pms_sku_stock` VALUES (222, 40, '202211040040002', 3499.00, 100, NULL, 'http://macro-oss.oss-cn-shenzhen.aliyuncs.com/mall/images/20221104/xiaomi_12_pro_01.jpg', NULL, NULL, 0, '[{\"key\":\"йўңиүІ\",\"value\":\"й»‘иүІ\"},{\"key\":\"е®№йҮҸ\",\"value\":\"256G\"}]');
INSERT INTO `pms_sku_stock` VALUES (223, 40, '202211040040003', 2999.00, 100, NULL, 'http://macro-oss.oss-cn-shenzhen.aliyuncs.com/mall/images/20221104/xiaomi_12_pro_02.jpg', NULL, NULL, 0, '[{\"key\":\"йўңиүІ\",\"value\":\"и“қиүІ\"},{\"key\":\"е®№йҮҸ\",\"value\":\"128G\"}]');
INSERT INTO `pms_sku_stock` VALUES (224, 40, '202211040040004', 3499.00, 100, NULL, 'http://macro-oss.oss-cn-shenzhen.aliyuncs.com/mall/images/20221104/xiaomi_12_pro_02.jpg', NULL, NULL, 0, '[{\"key\":\"йўңиүІ\",\"value\":\"и“қиүІ\"},{\"key\":\"е®№йҮҸ\",\"value\":\"256G\"}]');
INSERT INTO `pms_sku_stock` VALUES (225, 41, '202211040041001', 2099.00, 195, NULL, 'http://macro-oss.oss-cn-shenzhen.aliyuncs.com/mall/images/20221104/redmi_k50_01.jpg', NULL, NULL, 0, '[{\"key\":\"йўңиүІ\",\"value\":\"еўЁзҫҪ\"},{\"key\":\"е®№йҮҸ\",\"value\":\"128G\"}]');
INSERT INTO `pms_sku_stock` VALUES (226, 41, '202211040041002', 2299.00, 200, NULL, 'http://macro-oss.oss-cn-shenzhen.aliyuncs.com/mall/images/20221104/redmi_k50_01.jpg', NULL, NULL, 0, '[{\"key\":\"йўңиүІ\",\"value\":\"еўЁзҫҪ\"},{\"key\":\"е®№йҮҸ\",\"value\":\"256G\"}]');
INSERT INTO `pms_sku_stock` VALUES (227, 41, '202211040041003', 2099.00, 200, NULL, 'http://macro-oss.oss-cn-shenzhen.aliyuncs.com/mall/images/20221104/redmi_k50_02.jpg', NULL, NULL, 0, '[{\"key\":\"йўңиүІ\",\"value\":\"й“¶иҝ№\"},{\"key\":\"е®№йҮҸ\",\"value\":\"128G\"}]');
INSERT INTO `pms_sku_stock` VALUES (228, 41, '202211040041004', 2299.00, 200, NULL, 'http://macro-oss.oss-cn-shenzhen.aliyuncs.com/mall/images/20221104/redmi_k50_02.jpg', NULL, NULL, 0, '[{\"key\":\"йўңиүІ\",\"value\":\"й“¶иҝ№\"},{\"key\":\"е®№йҮҸ\",\"value\":\"256G\"}]');
INSERT INTO `pms_sku_stock` VALUES (229, 42, '202211040042001', 4999.00, 99, NULL, 'http://macro-oss.oss-cn-shenzhen.aliyuncs.com/mall/images/20221104/huawei_mate50_01.jpg', NULL, NULL, 0, '[{\"key\":\"йўңиүІ\",\"value\":\"жӣңйҮ‘й»‘\"},{\"key\":\"е®№йҮҸ\",\"value\":\"128G\"}]');
INSERT INTO `pms_sku_stock` VALUES (230, 42, '202211040042002', 5499.00, 100, NULL, 'http://macro-oss.oss-cn-shenzhen.aliyuncs.com/mall/images/20221104/huawei_mate50_01.jpg', NULL, NULL, 0, '[{\"key\":\"йўңиүІ\",\"value\":\"жӣңйҮ‘й»‘\"},{\"key\":\"е®№йҮҸ\",\"value\":\"256G\"}]');
INSERT INTO `pms_sku_stock` VALUES (231, 42, '202211040042003', 4999.00, 100, NULL, 'http://macro-oss.oss-cn-shenzhen.aliyuncs.com/mall/images/20221104/huawei_mate50_02.jpg', NULL, NULL, 0, '[{\"key\":\"йўңиүІ\",\"value\":\"еҶ°йңңй“¶\"},{\"key\":\"е®№йҮҸ\",\"value\":\"128G\"}]');
INSERT INTO `pms_sku_stock` VALUES (232, 42, '202211040042004', 5499.00, 100, NULL, 'http://macro-oss.oss-cn-shenzhen.aliyuncs.com/mall/images/20221104/huawei_mate50_02.jpg', NULL, NULL, 0, '[{\"key\":\"йўңиүІ\",\"value\":\"еҶ°йңңй“¶\"},{\"key\":\"е®№йҮҸ\",\"value\":\"256G\"}]');
INSERT INTO `pms_sku_stock` VALUES (233, 43, '202211040043001', 1649.00, 500, NULL, 'http://macro-oss.oss-cn-shenzhen.aliyuncs.com/mall/images/20221104/wanhe_13L_01.png', NULL, NULL, 0, '[{\"key\":\"зі»еҲ—\",\"value\":\"JSQ25-565W13гҖҗ13еҚҮгҖ‘гҖҗжҒ’жё©ж——иҲ°ж¬ҫгҖ‘\"}]');
INSERT INTO `pms_sku_stock` VALUES (234, 43, '202211040043002', 1799.00, 500, NULL, 'http://macro-oss.oss-cn-shenzhen.aliyuncs.com/mall/images/20221104/wanhe_13L_01.png', NULL, NULL, 0, '[{\"key\":\"зі»еҲ—\",\"value\":\"JSQ30-565W16гҖҗ16еҚҮгҖ‘гҖҗжҒ’жё©ж——иҲ°ж¬ҫгҖ‘\"}]');
INSERT INTO `pms_sku_stock` VALUES (235, 44, '202211080044001', 369.00, 99, NULL, 'http://macro-oss.oss-cn-shenzhen.aliyuncs.com/mall/images/20221108/sanxing_ssd_02.jpg', NULL, NULL, 0, '[{\"key\":\"йўңиүІ\",\"value\":\"ж–°е“Ғ980пҪңNVMe PCIe3.0*4\"},{\"key\":\"зүҲжң¬\",\"value\":\"512GB\"}]');
INSERT INTO `pms_sku_stock` VALUES (236, 44, '202211080044002', 649.00, 100, NULL, 'http://macro-oss.oss-cn-shenzhen.aliyuncs.com/mall/images/20221108/sanxing_ssd_02.jpg', NULL, NULL, 0, '[{\"key\":\"йўңиүІ\",\"value\":\"ж–°е“Ғ980пҪңNVMe PCIe3.0*4\"},{\"key\":\"зүҲжң¬\",\"value\":\"1TB\"}]');
INSERT INTO `pms_sku_stock` VALUES (237, 44, '202211080044003', 549.00, 100, NULL, 'http://macro-oss.oss-cn-shenzhen.aliyuncs.com/mall/images/20221108/sanxing_ssd_01.jpg', NULL, NULL, 0, '[{\"key\":\"йўңиүІ\",\"value\":\"980 PROпҪңNVMe PCIe 4.0\"},{\"key\":\"зүҲжң¬\",\"value\":\"512GB\"}]');
INSERT INTO `pms_sku_stock` VALUES (238, 44, '202211080044004', 899.00, 100, NULL, 'http://macro-oss.oss-cn-shenzhen.aliyuncs.com/mall/images/20221108/sanxing_ssd_01.jpg', NULL, NULL, 0, '[{\"key\":\"йўңиүІ\",\"value\":\"980 PROпҪңNVMe PCIe 4.0\"},{\"key\":\"зүҲжң¬\",\"value\":\"1TB\"}]');
INSERT INTO `pms_sku_stock` VALUES (239, 45, '202211080045001', 2299.00, 250, NULL, 'http://macro-oss.oss-cn-shenzhen.aliyuncs.com/mall/images/20221108/oppo_r8_01.jpg', NULL, NULL, 0, '[{\"key\":\"йўңиүІ\",\"value\":\"йёўе°ҫзҙ«\"},{\"key\":\"е®№йҮҸ\",\"value\":\"128G\"}]');
INSERT INTO `pms_sku_stock` VALUES (240, 45, '202211080045002', 2499.00, 250, NULL, 'http://macro-oss.oss-cn-shenzhen.aliyuncs.com/mall/images/20221108/oppo_r8_01.jpg', NULL, NULL, 0, '[{\"key\":\"йўңиүІ\",\"value\":\"йёўе°ҫзҙ«\"},{\"key\":\"е®№йҮҸ\",\"value\":\"256G\"}]');
INSERT INTO `pms_sku_stock` VALUES (241, 45, '202211080045003', 2299.00, 250, NULL, 'http://macro-oss.oss-cn-shenzhen.aliyuncs.com/mall/images/20221108/oppo_r8_02.jpg', NULL, NULL, 0, '[{\"key\":\"йўңиүІ\",\"value\":\"жҷҙз©әи“қ\"},{\"key\":\"е®№йҮҸ\",\"value\":\"128G\"}]');
INSERT INTO `pms_sku_stock` VALUES (242, 45, '202211080045004', 2499.00, 250, NULL, 'http://macro-oss.oss-cn-shenzhen.aliyuncs.com/mall/images/20221108/oppo_r8_02.jpg', NULL, NULL, 0, '[{\"key\":\"йўңиүІ\",\"value\":\"жҷҙз©әи“қ\"},{\"key\":\"е®№йҮҸ\",\"value\":\"256G\"}]');

-- ----------------------------
-- Table structure for undo_log
-- ----------------------------
DROP TABLE IF EXISTS `undo_log`;
CREATE TABLE `undo_log`  (
  `id` bigint NOT NULL AUTO_INCREMENT,
  `branch_id` bigint NOT NULL COMMENT 'еҲҶж”ҜдәӢеҠЎID',
  `xid` varchar(128) CHARACTER SET utf8mb4 COLLATE utf8mb4_0900_ai_ci NOT NULL COMMENT 'е…ЁеұҖдәӢеҠЎID',
  `context` varchar(128) CHARACTER SET utf8mb4 COLLATE utf8mb4_0900_ai_ci NOT NULL COMMENT 'дёҠдёӢж–Ү',
  `rollback_info` longblob NOT NULL COMMENT 'еӣһж»ҡдҝЎжҒҜ',
  `log_status` int NOT NULL COMMENT 'зҠ¶жҖҒпјҡ0жӯЈеёё 1еӣһж»ҡдёӯ',
  `log_created` datetime NOT NULL COMMENT 'еҲӣе»әж—¶й—ҙ',
  `log_modified` datetime NOT NULL COMMENT 'дҝ®ж”№ж—¶й—ҙ',
  PRIMARY KEY (`id`) USING BTREE,
  UNIQUE INDEX `ux_undo_log`(`xid` ASC, `branch_id` ASC) USING BTREE
) ENGINE = InnoDB AUTO_INCREMENT = 1 CHARACTER SET = utf8mb4 COLLATE = utf8mb4_0900_ai_ci COMMENT = 'Seata AT undo_log' ROW_FORMAT = Dynamic;

-- ----------------------------
-- Records of undo_log
-- ----------------------------

SET FOREIGN_KEY_CHECKS = 1;
