/*
 Navicat Premium Data Transfer

 Source Server         : localhost
 Source Server Type    : MySQL
 Source Server Version : 80034 (8.0.34)
 Source Host           : localhost:3306
 Source Schema         : mall_marketing

 Target Server Type    : MySQL
 Target Server Version : 80034 (8.0.34)
 File Encoding         : 65001

 Date: 21/07/2026 16:11:02
*/

SET NAMES utf8mb4;
SET FOREIGN_KEY_CHECKS = 0;

-- ----------------------------
-- Table structure for cms_help
-- ----------------------------
DROP TABLE IF EXISTS `cms_help`;
CREATE TABLE `cms_help`  (
  `id` bigint NOT NULL AUTO_INCREMENT,
  `category_id` bigint NULL DEFAULT NULL,
  `icon` varchar(500) CHARACTER SET utf8mb3 COLLATE utf8mb3_general_ci NULL DEFAULT NULL,
  `title` varchar(100) CHARACTER SET utf8mb3 COLLATE utf8mb3_general_ci NULL DEFAULT NULL,
  `show_status` int NULL DEFAULT NULL,
  `create_time` datetime NULL DEFAULT NULL,
  `read_count` int NULL DEFAULT NULL,
  `content` text CHARACTER SET utf8mb3 COLLATE utf8mb3_general_ci NULL,
  PRIMARY KEY (`id`) USING BTREE
) ENGINE = InnoDB CHARACTER SET = utf8mb3 COLLATE = utf8mb3_general_ci COMMENT = 'её®еҠ©иЎЁ' ROW_FORMAT = DYNAMIC;

-- ----------------------------
-- Records of cms_help
-- ----------------------------

-- ----------------------------
-- Table structure for cms_help_category
-- ----------------------------
DROP TABLE IF EXISTS `cms_help_category`;
CREATE TABLE `cms_help_category`  (
  `id` bigint NOT NULL AUTO_INCREMENT,
  `name` varchar(100) CHARACTER SET utf8mb3 COLLATE utf8mb3_general_ci NULL DEFAULT NULL,
  `icon` varchar(500) CHARACTER SET utf8mb3 COLLATE utf8mb3_general_ci NULL DEFAULT NULL COMMENT 'еҲҶзұ»еӣҫж Ү',
  `help_count` int NULL DEFAULT NULL COMMENT 'дё“йўҳж•°йҮҸ',
  `show_status` int NULL DEFAULT NULL,
  `sort` int NULL DEFAULT NULL,
  PRIMARY KEY (`id`) USING BTREE
) ENGINE = InnoDB CHARACTER SET = utf8mb3 COLLATE = utf8mb3_general_ci COMMENT = 'её®еҠ©еҲҶзұ»иЎЁ' ROW_FORMAT = DYNAMIC;

-- ----------------------------
-- Records of cms_help_category
-- ----------------------------

-- ----------------------------
-- Table structure for cms_member_report
-- ----------------------------
DROP TABLE IF EXISTS `cms_member_report`;
CREATE TABLE `cms_member_report`  (
  `id` bigint NULL DEFAULT NULL,
  `report_type` int NULL DEFAULT NULL COMMENT 'дёҫжҠҘзұ»еһӢпјҡ0->е•Ҷе“ҒиҜ„д»·пјӣ1->иҜқйўҳеҶ…е®№пјӣ2->з”ЁжҲ·иҜ„и®ә',
  `report_member_name` varchar(100) CHARACTER SET utf8mb3 COLLATE utf8mb3_general_ci NULL DEFAULT NULL COMMENT 'дёҫжҠҘдәә',
  `create_time` datetime NULL DEFAULT NULL,
  `report_object` varchar(100) CHARACTER SET utf8mb3 COLLATE utf8mb3_general_ci NULL DEFAULT NULL,
  `report_status` int NULL DEFAULT NULL COMMENT 'дёҫжҠҘзҠ¶жҖҒпјҡ0->жңӘеӨ„зҗҶпјӣ1->е·ІеӨ„зҗҶ',
  `handle_status` int NULL DEFAULT NULL COMMENT 'еӨ„зҗҶз»“жһңпјҡ0->ж— ж•Ҳпјӣ1->жңүж•Ҳпјӣ2->жҒ¶ж„Ҹ',
  `note` varchar(200) CHARACTER SET utf8mb3 COLLATE utf8mb3_general_ci NULL DEFAULT NULL
) ENGINE = InnoDB CHARACTER SET = utf8mb3 COLLATE = utf8mb3_general_ci COMMENT = 'з”ЁжҲ·дёҫжҠҘиЎЁ' ROW_FORMAT = DYNAMIC;

-- ----------------------------
-- Records of cms_member_report
-- ----------------------------

-- ----------------------------
-- Table structure for cms_prefrence_area
-- ----------------------------
DROP TABLE IF EXISTS `cms_prefrence_area`;
CREATE TABLE `cms_prefrence_area`  (
  `id` bigint NOT NULL AUTO_INCREMENT,
  `name` varchar(255) CHARACTER SET utf8mb3 COLLATE utf8mb3_general_ci NULL DEFAULT NULL,
  `sub_title` varchar(255) CHARACTER SET utf8mb3 COLLATE utf8mb3_general_ci NULL DEFAULT NULL,
  `pic` varbinary(500) NULL DEFAULT NULL COMMENT 'еұ•зӨәеӣҫзүҮ',
  `sort` int NULL DEFAULT NULL,
  `show_status` int NULL DEFAULT NULL,
  PRIMARY KEY (`id`) USING BTREE
) ENGINE = InnoDB AUTO_INCREMENT = 5 CHARACTER SET = utf8mb3 COLLATE = utf8mb3_general_ci COMMENT = 'дјҳйҖүдё“еҢә' ROW_FORMAT = DYNAMIC;

-- ----------------------------
-- Records of cms_prefrence_area
-- ----------------------------
INSERT INTO `cms_prefrence_area` VALUES (1, 'и®©йҹіиҙЁжӣҙеҮәдј—', 'йҹіиҙЁдёҚжү“жҠҳ е®ҢзҫҺзҺ°еңәж„ҹ', NULL, NULL, 1);
INSERT INTO `cms_prefrence_area` VALUES (2, 'и®©йҹіиҙЁжӣҙеҮәдј—22', 'и®©йҹіиҙЁжӣҙеҮәдј—22', NULL, NULL, NULL);
INSERT INTO `cms_prefrence_area` VALUES (3, 'и®©йҹіиҙЁжӣҙеҮәдј—33', NULL, NULL, NULL, NULL);
INSERT INTO `cms_prefrence_area` VALUES (4, 'и®©йҹіиҙЁжӣҙеҮәдј—44', NULL, NULL, NULL, NULL);

-- ----------------------------
-- Table structure for cms_prefrence_area_product_relation
-- ----------------------------
DROP TABLE IF EXISTS `cms_prefrence_area_product_relation`;
CREATE TABLE `cms_prefrence_area_product_relation`  (
  `id` bigint NOT NULL AUTO_INCREMENT,
  `prefrence_area_id` bigint NULL DEFAULT NULL,
  `product_id` bigint NULL DEFAULT NULL,
  PRIMARY KEY (`id`) USING BTREE
) ENGINE = InnoDB AUTO_INCREMENT = 25 CHARACTER SET = utf8mb3 COLLATE = utf8mb3_general_ci COMMENT = 'дјҳйҖүдё“еҢәе’Ңдә§е“Ғе…ізі»иЎЁ' ROW_FORMAT = DYNAMIC;

-- ----------------------------
-- Records of cms_prefrence_area_product_relation
-- ----------------------------
INSERT INTO `cms_prefrence_area_product_relation` VALUES (1, 1, 12);
INSERT INTO `cms_prefrence_area_product_relation` VALUES (2, 1, 13);
INSERT INTO `cms_prefrence_area_product_relation` VALUES (3, 1, 14);
INSERT INTO `cms_prefrence_area_product_relation` VALUES (4, 1, 18);
INSERT INTO `cms_prefrence_area_product_relation` VALUES (5, 1, 7);
INSERT INTO `cms_prefrence_area_product_relation` VALUES (6, 2, 7);
INSERT INTO `cms_prefrence_area_product_relation` VALUES (7, 1, 22);
INSERT INTO `cms_prefrence_area_product_relation` VALUES (24, 1, 23);

-- ----------------------------
-- Table structure for cms_subject
-- ----------------------------
DROP TABLE IF EXISTS `cms_subject`;
CREATE TABLE `cms_subject`  (
  `id` bigint NOT NULL AUTO_INCREMENT,
  `category_id` bigint NULL DEFAULT NULL,
  `title` varchar(100) CHARACTER SET utf8mb3 COLLATE utf8mb3_general_ci NULL DEFAULT NULL,
  `pic` varchar(500) CHARACTER SET utf8mb3 COLLATE utf8mb3_general_ci NULL DEFAULT NULL COMMENT 'дё“йўҳдё»еӣҫ',
  `product_count` int NULL DEFAULT NULL COMMENT 'е…іиҒ”дә§е“Ғж•°йҮҸ',
  `recommend_status` int NULL DEFAULT NULL,
  `create_time` datetime NULL DEFAULT NULL,
  `collect_count` int NULL DEFAULT NULL,
  `read_count` int NULL DEFAULT NULL,
  `comment_count` int NULL DEFAULT NULL,
  `album_pics` varchar(1000) CHARACTER SET utf8mb3 COLLATE utf8mb3_general_ci NULL DEFAULT NULL COMMENT 'з”»еҶҢеӣҫзүҮз”ЁйҖ—еҸ·еҲҶеүІ',
  `description` varchar(1000) CHARACTER SET utf8mb3 COLLATE utf8mb3_general_ci NULL DEFAULT NULL,
  `show_status` int NULL DEFAULT NULL COMMENT 'жҳҫзӨәзҠ¶жҖҒпјҡ0->дёҚжҳҫзӨәпјӣ1->жҳҫзӨә',
  `content` text CHARACTER SET utf8mb3 COLLATE utf8mb3_general_ci NULL,
  `forward_count` int NULL DEFAULT NULL COMMENT 'иҪ¬еҸ‘ж•°',
  `category_name` varchar(200) CHARACTER SET utf8mb3 COLLATE utf8mb3_general_ci NULL DEFAULT NULL COMMENT 'дё“йўҳеҲҶзұ»еҗҚз§°',
  PRIMARY KEY (`id`) USING BTREE
) ENGINE = InnoDB AUTO_INCREMENT = 7 CHARACTER SET = utf8mb3 COLLATE = utf8mb3_general_ci COMMENT = 'дё“йўҳиЎЁ' ROW_FORMAT = DYNAMIC;

-- ----------------------------
-- Records of cms_subject
-- ----------------------------
INSERT INTO `cms_subject` VALUES (1, 1, 'poloиЎ¬иЎ«зҡ„д№ҹж—¶е°ҡ', NULL, NULL, NULL, '2018-11-11 13:26:55', NULL, NULL, NULL, NULL, NULL, NULL, NULL, NULL, 'жңҚиЈ…дё“йўҳ');
INSERT INTO `cms_subject` VALUES (2, 2, 'еӨ§зүҢжүӢжңәдҪҺд»·з§’', NULL, NULL, NULL, '2018-11-12 13:27:00', NULL, NULL, NULL, NULL, NULL, NULL, NULL, NULL, 'жүӢжңәдё“йўҳ');
INSERT INTO `cms_subject` VALUES (3, 2, 'жҷ“йҫҷ845ж–°е“ҒдёҠеёӮ', NULL, NULL, NULL, '2018-11-13 13:27:05', NULL, NULL, NULL, NULL, NULL, NULL, NULL, NULL, 'жүӢжңәдё“йўҳ');
INSERT INTO `cms_subject` VALUES (4, 1, 'еӨҸеӨ©еә”иҜҘз©ҝд»Җд№Ҳ', NULL, NULL, NULL, '2018-11-01 13:27:09', NULL, NULL, NULL, NULL, NULL, NULL, NULL, NULL, 'жңҚиЈ…дё“йўҳ');
INSERT INTO `cms_subject` VALUES (5, 1, 'еӨҸеӯЈзІҫйҖү', NULL, NULL, NULL, '2018-11-06 13:27:18', NULL, NULL, NULL, NULL, NULL, NULL, NULL, NULL, 'жңҚиЈ…дё“йўҳ');
INSERT INTO `cms_subject` VALUES (6, 2, 'е“ҒзүҢжүӢжңәйҷҚд»·', NULL, NULL, NULL, '2018-11-07 13:27:21', NULL, NULL, NULL, NULL, NULL, NULL, NULL, NULL, 'жүӢжңәдё“йўҳ');

-- ----------------------------
-- Table structure for cms_subject_category
-- ----------------------------
DROP TABLE IF EXISTS `cms_subject_category`;
CREATE TABLE `cms_subject_category`  (
  `id` bigint NOT NULL AUTO_INCREMENT,
  `name` varchar(100) CHARACTER SET utf8mb3 COLLATE utf8mb3_general_ci NULL DEFAULT NULL,
  `icon` varchar(500) CHARACTER SET utf8mb3 COLLATE utf8mb3_general_ci NULL DEFAULT NULL COMMENT 'еҲҶзұ»еӣҫж Ү',
  `subject_count` int NULL DEFAULT NULL COMMENT 'дё“йўҳж•°йҮҸ',
  `show_status` int NULL DEFAULT NULL,
  `sort` int NULL DEFAULT NULL,
  PRIMARY KEY (`id`) USING BTREE
) ENGINE = InnoDB AUTO_INCREMENT = 3 CHARACTER SET = utf8mb3 COLLATE = utf8mb3_general_ci COMMENT = 'дё“йўҳеҲҶзұ»иЎЁ' ROW_FORMAT = DYNAMIC;

-- ----------------------------
-- Records of cms_subject_category
-- ----------------------------
INSERT INTO `cms_subject_category` VALUES (1, 'жңҚиЈ…дё“йўҳ', NULL, NULL, NULL, NULL);
INSERT INTO `cms_subject_category` VALUES (2, 'жүӢжңәдё“йўҳ', NULL, NULL, NULL, NULL);

-- ----------------------------
-- Table structure for cms_subject_comment
-- ----------------------------
DROP TABLE IF EXISTS `cms_subject_comment`;
CREATE TABLE `cms_subject_comment`  (
  `id` bigint NOT NULL AUTO_INCREMENT,
  `subject_id` bigint NULL DEFAULT NULL,
  `member_nick_name` varchar(255) CHARACTER SET utf8mb3 COLLATE utf8mb3_general_ci NULL DEFAULT NULL,
  `member_icon` varchar(255) CHARACTER SET utf8mb3 COLLATE utf8mb3_general_ci NULL DEFAULT NULL,
  `content` varchar(1000) CHARACTER SET utf8mb3 COLLATE utf8mb3_general_ci NULL DEFAULT NULL,
  `create_time` datetime NULL DEFAULT NULL,
  `show_status` int NULL DEFAULT NULL,
  PRIMARY KEY (`id`) USING BTREE
) ENGINE = InnoDB CHARACTER SET = utf8mb3 COLLATE = utf8mb3_general_ci COMMENT = 'дё“йўҳиҜ„и®әиЎЁ' ROW_FORMAT = DYNAMIC;

-- ----------------------------
-- Records of cms_subject_comment
-- ----------------------------

-- ----------------------------
-- Table structure for cms_subject_product_relation
-- ----------------------------
DROP TABLE IF EXISTS `cms_subject_product_relation`;
CREATE TABLE `cms_subject_product_relation`  (
  `id` bigint NOT NULL AUTO_INCREMENT,
  `subject_id` bigint NULL DEFAULT NULL,
  `product_id` bigint NULL DEFAULT NULL,
  PRIMARY KEY (`id`) USING BTREE
) ENGINE = InnoDB AUTO_INCREMENT = 71 CHARACTER SET = utf8mb3 COLLATE = utf8mb3_general_ci COMMENT = 'дё“йўҳе•Ҷе“Ғе…ізі»иЎЁ' ROW_FORMAT = DYNAMIC;

-- ----------------------------
-- Records of cms_subject_product_relation
-- ----------------------------
INSERT INTO `cms_subject_product_relation` VALUES (1, 1, 12);
INSERT INTO `cms_subject_product_relation` VALUES (2, 1, 13);
INSERT INTO `cms_subject_product_relation` VALUES (3, 1, 14);
INSERT INTO `cms_subject_product_relation` VALUES (4, 1, 18);
INSERT INTO `cms_subject_product_relation` VALUES (5, 1, 7);
INSERT INTO `cms_subject_product_relation` VALUES (6, 2, 7);
INSERT INTO `cms_subject_product_relation` VALUES (7, 1, 22);
INSERT INTO `cms_subject_product_relation` VALUES (29, 1, 23);
INSERT INTO `cms_subject_product_relation` VALUES (30, 4, 23);
INSERT INTO `cms_subject_product_relation` VALUES (31, 5, 23);
INSERT INTO `cms_subject_product_relation` VALUES (68, 2, 26);
INSERT INTO `cms_subject_product_relation` VALUES (69, 3, 26);
INSERT INTO `cms_subject_product_relation` VALUES (70, 6, 26);

-- ----------------------------
-- Table structure for cms_topic
-- ----------------------------
DROP TABLE IF EXISTS `cms_topic`;
CREATE TABLE `cms_topic`  (
  `id` bigint NOT NULL AUTO_INCREMENT,
  `category_id` bigint NULL DEFAULT NULL,
  `name` varchar(255) CHARACTER SET utf8mb3 COLLATE utf8mb3_general_ci NULL DEFAULT NULL,
  `create_time` datetime NULL DEFAULT NULL,
  `start_time` datetime NULL DEFAULT NULL,
  `end_time` datetime NULL DEFAULT NULL,
  `attend_count` int NULL DEFAULT NULL COMMENT 'еҸӮдёҺдәәж•°',
  `attention_count` int NULL DEFAULT NULL COMMENT 'е…іжіЁдәәж•°',
  `read_count` int NULL DEFAULT NULL,
  `award_name` varchar(100) CHARACTER SET utf8mb3 COLLATE utf8mb3_general_ci NULL DEFAULT NULL COMMENT 'еҘ–е“ҒеҗҚз§°',
  `attend_type` varchar(100) CHARACTER SET utf8mb3 COLLATE utf8mb3_general_ci NULL DEFAULT NULL COMMENT 'еҸӮдёҺж–№ејҸ',
  `content` text CHARACTER SET utf8mb3 COLLATE utf8mb3_general_ci NULL COMMENT 'иҜқйўҳеҶ…е®№',
  PRIMARY KEY (`id`) USING BTREE
) ENGINE = InnoDB CHARACTER SET = utf8mb3 COLLATE = utf8mb3_general_ci COMMENT = 'иҜқйўҳиЎЁ' ROW_FORMAT = DYNAMIC;

-- ----------------------------
-- Records of cms_topic
-- ----------------------------

-- ----------------------------
-- Table structure for cms_topic_category
-- ----------------------------
DROP TABLE IF EXISTS `cms_topic_category`;
CREATE TABLE `cms_topic_category`  (
  `id` bigint NOT NULL AUTO_INCREMENT,
  `name` varchar(100) CHARACTER SET utf8mb3 COLLATE utf8mb3_general_ci NULL DEFAULT NULL,
  `icon` varchar(500) CHARACTER SET utf8mb3 COLLATE utf8mb3_general_ci NULL DEFAULT NULL COMMENT 'еҲҶзұ»еӣҫж Ү',
  `subject_count` int NULL DEFAULT NULL COMMENT 'дё“йўҳж•°йҮҸ',
  `show_status` int NULL DEFAULT NULL,
  `sort` int NULL DEFAULT NULL,
  PRIMARY KEY (`id`) USING BTREE
) ENGINE = InnoDB CHARACTER SET = utf8mb3 COLLATE = utf8mb3_general_ci COMMENT = 'иҜқйўҳеҲҶзұ»иЎЁ' ROW_FORMAT = DYNAMIC;

-- ----------------------------
-- Records of cms_topic_category
-- ----------------------------

-- ----------------------------
-- Table structure for cms_topic_comment
-- ----------------------------
DROP TABLE IF EXISTS `cms_topic_comment`;
CREATE TABLE `cms_topic_comment`  (
  `id` bigint NOT NULL AUTO_INCREMENT,
  `member_nick_name` varchar(255) CHARACTER SET utf8mb3 COLLATE utf8mb3_general_ci NULL DEFAULT NULL,
  `topic_id` bigint NULL DEFAULT NULL,
  `member_icon` varchar(255) CHARACTER SET utf8mb3 COLLATE utf8mb3_general_ci NULL DEFAULT NULL,
  `content` varchar(1000) CHARACTER SET utf8mb3 COLLATE utf8mb3_general_ci NULL DEFAULT NULL,
  `create_time` datetime NULL DEFAULT NULL,
  `show_status` int NULL DEFAULT NULL,
  PRIMARY KEY (`id`) USING BTREE
) ENGINE = InnoDB CHARACTER SET = utf8mb3 COLLATE = utf8mb3_general_ci COMMENT = 'дё“йўҳиҜ„и®әиЎЁ' ROW_FORMAT = DYNAMIC;

-- ----------------------------
-- Records of cms_topic_comment
-- ----------------------------

-- ----------------------------
-- Table structure for sms_coupon
-- ----------------------------
DROP TABLE IF EXISTS `sms_coupon`;
CREATE TABLE `sms_coupon`  (
  `id` bigint NOT NULL AUTO_INCREMENT,
  `type` int NULL DEFAULT NULL COMMENT 'дјҳжғ еҲёзұ»еһӢпјӣ0->е…Ёеңәиө еҲёпјӣ1->дјҡе‘ҳиө еҲёпјӣ2->иҙӯзү©иө еҲёпјӣ3->жіЁеҶҢиө еҲё',
  `name` varchar(100) CHARACTER SET utf8mb3 COLLATE utf8mb3_general_ci NULL DEFAULT NULL,
  `platform` int NULL DEFAULT NULL COMMENT 'дҪҝз”Ёе№іеҸ°пјҡ0->е…ЁйғЁпјӣ1->з§»еҠЁпјӣ2->PC',
  `count` int NULL DEFAULT NULL COMMENT 'ж•°йҮҸ',
  `amount` decimal(10, 2) NULL DEFAULT NULL COMMENT 'йҮ‘йўқ',
  `per_limit` int NULL DEFAULT NULL COMMENT 'жҜҸдәәйҷҗйўҶеј ж•°',
  `min_point` decimal(10, 2) NULL DEFAULT NULL COMMENT 'дҪҝз”Ёй—Ёж§ӣпјӣ0иЎЁзӨәж— й—Ёж§ӣ',
  `start_time` datetime NULL DEFAULT NULL,
  `end_time` datetime NULL DEFAULT NULL,
  `use_type` int NULL DEFAULT NULL COMMENT 'дҪҝз”Ёзұ»еһӢпјҡ0->е…ЁеңәйҖҡз”Ёпјӣ1->жҢҮе®ҡеҲҶзұ»пјӣ2->жҢҮе®ҡе•Ҷе“Ғ',
  `note` varchar(200) CHARACTER SET utf8mb3 COLLATE utf8mb3_general_ci NULL DEFAULT NULL COMMENT 'еӨҮжіЁ',
  `publish_count` int NULL DEFAULT NULL COMMENT 'еҸ‘иЎҢж•°йҮҸ',
  `use_count` int NULL DEFAULT NULL COMMENT 'е·ІдҪҝз”Ёж•°йҮҸ',
  `receive_count` int NULL DEFAULT NULL COMMENT 'йўҶеҸ–ж•°йҮҸ',
  `enable_time` datetime NULL DEFAULT NULL COMMENT 'еҸҜд»ҘйўҶеҸ–зҡ„ж—Ҙжңҹ',
  `code` varchar(64) CHARACTER SET utf8mb3 COLLATE utf8mb3_general_ci NULL DEFAULT NULL COMMENT 'дјҳжғ з Ғ',
  `member_level` int NULL DEFAULT NULL COMMENT 'еҸҜйўҶеҸ–зҡ„дјҡе‘ҳзұ»еһӢпјҡ0->ж— йҷҗж—¶',
  PRIMARY KEY (`id`) USING BTREE
) ENGINE = InnoDB AUTO_INCREMENT = 32 CHARACTER SET = utf8mb3 COLLATE = utf8mb3_general_ci COMMENT = 'дјҳжғ еҲёиЎЁ' ROW_FORMAT = DYNAMIC;

-- ----------------------------
-- Records of sms_coupon
-- ----------------------------
INSERT INTO `sms_coupon` VALUES (27, 0, 'е…Ёе“Ғзұ»йҖҡз”ЁеҲё', 0, 94, 10.00, 10, 100.00, '2022-11-08 00:00:00', '2023-11-30 00:00:00', 0, NULL, 100, 0, 6, '2022-11-08 00:00:00', NULL, NULL);
INSERT INTO `sms_coupon` VALUES (28, 0, 'жүӢжңәеҲҶзұ»дё“з”ЁеҲё', 0, 995, 100.00, 5, 1000.00, '2022-11-08 00:00:00', '2023-11-30 00:00:00', 1, NULL, 1000, 0, 5, '2022-11-08 00:00:00', NULL, NULL);
INSERT INTO `sms_coupon` VALUES (29, 0, 'иӢ№жһңжүӢжңәдё“з”ЁеҲё', 0, 998, 600.00, 1, 4000.00, '2022-11-08 00:00:00', '2023-11-30 00:00:00', 2, NULL, 1000, 0, 2, '2022-11-08 00:00:00', NULL, NULL);
INSERT INTO `sms_coupon` VALUES (30, 0, 'е°ҸзұіжүӢжңәдё“з”ЁеҲё', 0, 998, 200.00, 1, 2000.00, '2022-11-08 00:00:00', '2023-11-30 00:00:00', 2, NULL, 1000, 0, 2, '2022-11-08 00:00:00', NULL, NULL);
INSERT INTO `sms_coupon` VALUES (31, 0, 'йҷҗж—¶дјҳжғ еҲё', 0, 999, 20.00, 5, 500.00, '2022-12-01 00:00:00', '2022-12-22 00:00:00', 0, NULL, 1000, 0, 1, '2022-12-23 00:00:00', NULL, NULL);

-- ----------------------------
-- Table structure for sms_coupon_history
-- ----------------------------
DROP TABLE IF EXISTS `sms_coupon_history`;
CREATE TABLE `sms_coupon_history`  (
  `id` bigint NOT NULL AUTO_INCREMENT,
  `coupon_id` bigint NULL DEFAULT NULL,
  `member_id` bigint NULL DEFAULT NULL,
  `coupon_code` varchar(64) CHARACTER SET utf8mb3 COLLATE utf8mb3_general_ci NULL DEFAULT NULL,
  `member_nickname` varchar(64) CHARACTER SET utf8mb3 COLLATE utf8mb3_general_ci NULL DEFAULT NULL COMMENT 'йўҶеҸ–дәәжҳөз§°',
  `get_type` int NULL DEFAULT NULL COMMENT 'иҺ·еҸ–зұ»еһӢпјҡ0->еҗҺеҸ°иө йҖҒпјӣ1->дё»еҠЁиҺ·еҸ–',
  `create_time` datetime NULL DEFAULT NULL,
  `use_status` int NULL DEFAULT NULL COMMENT 'дҪҝз”ЁзҠ¶жҖҒпјҡ0->жңӘдҪҝз”Ёпјӣ1->е·ІдҪҝз”Ёпјӣ2->е·ІиҝҮжңҹ',
  `use_time` datetime NULL DEFAULT NULL COMMENT 'дҪҝз”Ёж—¶й—ҙ',
  `order_id` bigint NULL DEFAULT NULL COMMENT 'и®ўеҚ•зј–еҸ·',
  `order_sn` varchar(100) CHARACTER SET utf8mb3 COLLATE utf8mb3_general_ci NULL DEFAULT NULL COMMENT 'и®ўеҚ•еҸ·з Ғ',
  PRIMARY KEY (`id`) USING BTREE,
  UNIQUE INDEX `uk_member_coupon`(`member_id` ASC, `coupon_id` ASC) USING BTREE,
  INDEX `idx_member_id`(`member_id` ASC) USING BTREE,
  INDEX `idx_coupon_id`(`coupon_id` ASC) USING BTREE
) ENGINE = InnoDB AUTO_INCREMENT = 53 CHARACTER SET = utf8mb3 COLLATE = utf8mb3_general_ci COMMENT = 'дјҳжғ еҲёдҪҝз”ЁгҖҒйўҶеҸ–еҺҶеҸІиЎЁ' ROW_FORMAT = DYNAMIC;

-- ----------------------------
-- Records of sms_coupon_history
-- ----------------------------

-- ----------------------------
-- Table structure for sms_coupon_product_category_relation
-- ----------------------------
DROP TABLE IF EXISTS `sms_coupon_product_category_relation`;
CREATE TABLE `sms_coupon_product_category_relation`  (
  `id` bigint NOT NULL AUTO_INCREMENT,
  `coupon_id` bigint NULL DEFAULT NULL,
  `product_category_id` bigint NULL DEFAULT NULL,
  `product_category_name` varchar(200) CHARACTER SET utf8mb3 COLLATE utf8mb3_general_ci NULL DEFAULT NULL COMMENT 'дә§е“ҒеҲҶзұ»еҗҚз§°',
  `parent_category_name` varchar(200) CHARACTER SET utf8mb3 COLLATE utf8mb3_general_ci NULL DEFAULT NULL COMMENT 'зҲ¶еҲҶзұ»еҗҚз§°',
  PRIMARY KEY (`id`) USING BTREE
) ENGINE = InnoDB AUTO_INCREMENT = 12 CHARACTER SET = utf8mb3 COLLATE = utf8mb3_general_ci COMMENT = 'дјҳжғ еҲёе’Ңдә§е“ҒеҲҶзұ»е…ізі»иЎЁ' ROW_FORMAT = DYNAMIC;

-- ----------------------------
-- Records of sms_coupon_product_category_relation
-- ----------------------------
INSERT INTO `sms_coupon_product_category_relation` VALUES (11, 28, 19, 'жүӢжңәйҖҡи®Ҝ', 'жүӢжңәж•°з Ғ');

-- ----------------------------
-- Table structure for sms_coupon_product_relation
-- ----------------------------
DROP TABLE IF EXISTS `sms_coupon_product_relation`;
CREATE TABLE `sms_coupon_product_relation`  (
  `id` bigint NOT NULL AUTO_INCREMENT,
  `coupon_id` bigint NULL DEFAULT NULL,
  `product_id` bigint NULL DEFAULT NULL,
  `product_name` varchar(500) CHARACTER SET utf8mb3 COLLATE utf8mb3_general_ci NULL DEFAULT NULL COMMENT 'е•Ҷе“ҒеҗҚз§°',
  `product_sn` varchar(200) CHARACTER SET utf8mb3 COLLATE utf8mb3_general_ci NULL DEFAULT NULL COMMENT 'е•Ҷе“Ғзј–з Ғ',
  PRIMARY KEY (`id`) USING BTREE
) ENGINE = InnoDB AUTO_INCREMENT = 23 CHARACTER SET = utf8mb3 COLLATE = utf8mb3_general_ci COMMENT = 'дјҳжғ еҲёе’Ңдә§е“Ғзҡ„е…ізі»иЎЁ' ROW_FORMAT = DYNAMIC;

-- ----------------------------
-- Records of sms_coupon_product_relation
-- ----------------------------
INSERT INTO `sms_coupon_product_relation` VALUES (18, 29, 37, 'Apple iPhone 14 (A2884) 128GB ж”ҜжҢҒз§»еҠЁиҒ”йҖҡз”өдҝЎ5G еҸҢеҚЎеҸҢеҫ…жүӢжңә', '100038005189');
INSERT INTO `sms_coupon_product_relation` VALUES (19, 29, 29, 'Apple iPhone 8 Plus 64GB зәўиүІзү№еҲ«зүҲ з§»еҠЁиҒ”йҖҡз”өдҝЎ4GжүӢжңә', '7437799');
INSERT INTO `sms_coupon_product_relation` VALUES (21, 30, 41, 'Redmi K50 еӨ©зҺ‘8100 2Kжҹ”жҖ§зӣҙеұҸ OISе…үеӯҰйҳІжҠ– 67Wеҝ«е…… 5500mAhеӨ§з”өйҮҸ еўЁзҫҪ 12GB+256GB 5GжҷәиғҪжүӢжңә е°Ҹзұі зәўзұі', '100035246702');
INSERT INTO `sms_coupon_product_relation` VALUES (22, 30, 40, 'е°Ҹзұі12 Pro еӨ©зҺ‘зүҲ еӨ©зҺ‘9000+еӨ„зҗҶеҷЁ 5000дёҮз–ҫйҖҹеҪұеғҸ 2Kи¶…и§Ҷж„ҹеұҸ 120Hzй«ҳеҲ· 67Wеҝ«е…… 12GB+256GB й»‘иүІ 5GжүӢжңә', '100027789721');

-- ----------------------------
-- Table structure for sms_flash_promotion
-- ----------------------------
DROP TABLE IF EXISTS `sms_flash_promotion`;
CREATE TABLE `sms_flash_promotion`  (
  `id` bigint NOT NULL AUTO_INCREMENT,
  `title` varchar(200) CHARACTER SET utf8mb3 COLLATE utf8mb3_general_ci NULL DEFAULT NULL COMMENT 'з§’жқҖж—¶й—ҙж®өеҗҚз§°',
  `start_date` date NULL DEFAULT NULL COMMENT 'ејҖе§Ӣж—Ҙжңҹ',
  `end_date` date NULL DEFAULT NULL COMMENT 'з»“жқҹж—Ҙжңҹ',
  `status` int NULL DEFAULT NULL COMMENT 'дёҠдёӢзәҝзҠ¶жҖҒ',
  `create_time` datetime NULL DEFAULT NULL COMMENT 'еҲӣе»әж—¶й—ҙ',
  PRIMARY KEY (`id`) USING BTREE
) ENGINE = InnoDB AUTO_INCREMENT = 15 CHARACTER SET = utf8mb3 COLLATE = utf8mb3_general_ci COMMENT = 'йҷҗж—¶иҙӯиЎЁ' ROW_FORMAT = DYNAMIC;

-- ----------------------------
-- Records of sms_flash_promotion
-- ----------------------------
INSERT INTO `sms_flash_promotion` VALUES (14, 'еҸҢ11зү№еҚ–жҙ»еҠЁ', '2022-11-09', '2023-12-31', 1, '2022-11-09 14:56:48');

-- ----------------------------
-- Table structure for sms_flash_promotion_log
-- ----------------------------
DROP TABLE IF EXISTS `sms_flash_promotion_log`;
CREATE TABLE `sms_flash_promotion_log`  (
  `id` int NOT NULL AUTO_INCREMENT,
  `member_id` int NULL DEFAULT NULL,
  `product_id` bigint NULL DEFAULT NULL,
  `member_phone` varchar(64) CHARACTER SET utf8mb3 COLLATE utf8mb3_general_ci NULL DEFAULT NULL,
  `product_name` varchar(100) CHARACTER SET utf8mb3 COLLATE utf8mb3_general_ci NULL DEFAULT NULL,
  `subscribe_time` datetime NULL DEFAULT NULL COMMENT 'дјҡе‘ҳи®ўйҳ…ж—¶й—ҙ',
  `send_time` datetime NULL DEFAULT NULL,
  PRIMARY KEY (`id`) USING BTREE
) ENGINE = InnoDB CHARACTER SET = utf8mb3 COLLATE = utf8mb3_general_ci COMMENT = 'йҷҗж—¶иҙӯйҖҡзҹҘи®°еҪ•' ROW_FORMAT = DYNAMIC;

-- ----------------------------
-- Records of sms_flash_promotion_log
-- ----------------------------

-- ----------------------------
-- Table structure for sms_flash_promotion_product_relation
-- ----------------------------
DROP TABLE IF EXISTS `sms_flash_promotion_product_relation`;
CREATE TABLE `sms_flash_promotion_product_relation`  (
  `id` bigint NOT NULL AUTO_INCREMENT COMMENT 'зј–еҸ·',
  `flash_promotion_id` bigint NULL DEFAULT NULL,
  `flash_promotion_session_id` bigint NULL DEFAULT NULL COMMENT 'зј–еҸ·',
  `product_id` bigint NULL DEFAULT NULL,
  `flash_promotion_price` decimal(10, 2) NULL DEFAULT NULL COMMENT 'йҷҗж—¶иҙӯд»·ж ј',
  `flash_promotion_count` int NULL DEFAULT NULL COMMENT 'йҷҗж—¶иҙӯж•°йҮҸ',
  `flash_promotion_limit` int NULL DEFAULT NULL COMMENT 'жҜҸдәәйҷҗиҙӯж•°йҮҸ',
  `sort` int NULL DEFAULT NULL COMMENT 'жҺ’еәҸ',
  PRIMARY KEY (`id`) USING BTREE,
  UNIQUE INDEX `uk_promotion_product`(`flash_promotion_id` ASC, `product_id` ASC) USING BTREE
) ENGINE = InnoDB AUTO_INCREMENT = 52 CHARACTER SET = utf8mb3 COLLATE = utf8mb3_general_ci COMMENT = 'е•Ҷе“Ғйҷҗж—¶иҙӯдёҺе•Ҷе“Ғе…ізі»иЎЁ' ROW_FORMAT = DYNAMIC;

-- ----------------------------
-- Records of sms_flash_promotion_product_relation
-- ----------------------------

-- ----------------------------
-- Table structure for sms_flash_promotion_session
-- ----------------------------
DROP TABLE IF EXISTS `sms_flash_promotion_session`;
CREATE TABLE `sms_flash_promotion_session`  (
  `id` bigint NOT NULL AUTO_INCREMENT COMMENT 'зј–еҸ·',
  `name` varchar(200) CHARACTER SET utf8mb3 COLLATE utf8mb3_general_ci NULL DEFAULT NULL COMMENT 'еңәж¬ЎеҗҚз§°',
  `start_time` time NULL DEFAULT NULL COMMENT 'жҜҸж—ҘејҖе§Ӣж—¶й—ҙ',
  `end_time` time NULL DEFAULT NULL COMMENT 'жҜҸж—Ҙз»“жқҹж—¶й—ҙ',
  `status` int NULL DEFAULT NULL COMMENT 'еҗҜз”ЁзҠ¶жҖҒпјҡ0->дёҚеҗҜз”Ёпјӣ1->еҗҜз”Ё',
  `create_time` datetime NULL DEFAULT NULL COMMENT 'еҲӣе»әж—¶й—ҙ',
  PRIMARY KEY (`id`) USING BTREE
) ENGINE = InnoDB AUTO_INCREMENT = 8 CHARACTER SET = utf8mb3 COLLATE = utf8mb3_general_ci COMMENT = 'йҷҗж—¶иҙӯеңәж¬ЎиЎЁ' ROW_FORMAT = DYNAMIC;

-- ----------------------------
-- Records of sms_flash_promotion_session
-- ----------------------------
INSERT INTO `sms_flash_promotion_session` VALUES (1, '8:00', '08:00:00', '10:00:00', 1, '2018-11-16 13:22:17');
INSERT INTO `sms_flash_promotion_session` VALUES (2, '10:00', '10:00:00', '12:00:00', 1, '2018-11-16 13:22:34');
INSERT INTO `sms_flash_promotion_session` VALUES (3, '12:00', '12:00:00', '14:00:00', 1, '2018-11-16 13:22:37');
INSERT INTO `sms_flash_promotion_session` VALUES (4, '14:00', '14:00:00', '16:00:00', 1, '2018-11-16 13:22:41');
INSERT INTO `sms_flash_promotion_session` VALUES (5, '16:00', '16:00:00', '18:00:00', 1, '2018-11-16 13:22:45');
INSERT INTO `sms_flash_promotion_session` VALUES (6, '18:00', '18:00:00', '20:00:00', 1, '2018-11-16 13:21:34');
INSERT INTO `sms_flash_promotion_session` VALUES (7, '20:00', '20:00:00', '22:00:00', 1, '2018-11-16 13:22:55');

-- ----------------------------
-- Table structure for sms_home_advertise
-- ----------------------------
DROP TABLE IF EXISTS `sms_home_advertise`;
CREATE TABLE `sms_home_advertise`  (
  `id` bigint NOT NULL AUTO_INCREMENT,
  `name` varchar(100) CHARACTER SET utf8mb3 COLLATE utf8mb3_general_ci NULL DEFAULT NULL,
  `type` int NULL DEFAULT NULL COMMENT 'иҪ®ж’ӯдҪҚзҪ®пјҡ0->PCйҰ–йЎөиҪ®ж’ӯпјӣ1->appйҰ–йЎөиҪ®ж’ӯ',
  `pic` varchar(500) CHARACTER SET utf8mb3 COLLATE utf8mb3_general_ci NULL DEFAULT NULL,
  `start_time` datetime NULL DEFAULT NULL,
  `end_time` datetime NULL DEFAULT NULL,
  `status` int NULL DEFAULT NULL COMMENT 'дёҠдёӢзәҝзҠ¶жҖҒпјҡ0->дёӢзәҝпјӣ1->дёҠзәҝ',
  `click_count` int NULL DEFAULT NULL COMMENT 'зӮ№еҮ»ж•°',
  `order_count` int NULL DEFAULT NULL COMMENT 'дёӢеҚ•ж•°',
  `url` varchar(500) CHARACTER SET utf8mb3 COLLATE utf8mb3_general_ci NULL DEFAULT NULL COMMENT 'й“ҫжҺҘең°еқҖ',
  `note` varchar(500) CHARACTER SET utf8mb3 COLLATE utf8mb3_general_ci NULL DEFAULT NULL COMMENT 'еӨҮжіЁ',
  `sort` int NULL DEFAULT 0 COMMENT 'жҺ’еәҸ',
  PRIMARY KEY (`id`) USING BTREE
) ENGINE = InnoDB AUTO_INCREMENT = 17 CHARACTER SET = utf8mb3 COLLATE = utf8mb3_general_ci COMMENT = 'йҰ–йЎөиҪ®ж’ӯе№ҝе‘ҠиЎЁ' ROW_FORMAT = DYNAMIC;

-- ----------------------------
-- Records of sms_home_advertise
-- ----------------------------
INSERT INTO `sms_home_advertise` VALUES (2, 'еӨҸеӯЈеӨ§зғӯдҝғй”Җ', 1, 'http://macro-oss.oss-cn-shenzhen.aliyuncs.com/mall/images/20190525/ad1.jpg', '2018-11-01 14:01:37', '2018-11-15 14:01:37', 0, 0, 0, NULL, 'еӨҸеӯЈеӨ§зғӯдҝғй”Җ', 0);
INSERT INTO `sms_home_advertise` VALUES (3, 'еӨҸеӯЈеӨ§зғӯдҝғй”Җ1', 1, 'http://macro-oss.oss-cn-shenzhen.aliyuncs.com/mall/images/20190525/ad1.jpg', '2018-11-13 14:01:37', '2018-11-13 14:01:37', 0, 0, 0, NULL, 'еӨҸеӯЈеӨ§зғӯдҝғй”Җ1', 0);
INSERT INTO `sms_home_advertise` VALUES (4, 'еӨҸеӯЈеӨ§зғӯдҝғй”Җ2', 1, 'http://macro-oss.oss-cn-shenzhen.aliyuncs.com/mall/images/20190525/ad2.jpg', '2018-11-13 14:01:37', '2018-11-13 14:01:37', 0, 0, 0, NULL, 'еӨҸеӯЈеӨ§зғӯдҝғй”Җ2', 0);
INSERT INTO `sms_home_advertise` VALUES (9, 'з”өеҪұжҺЁиҚҗе№ҝе‘Ҡ', 1, 'http://macro-oss.oss-cn-shenzhen.aliyuncs.com/mall/images/20181113/movie_ad.jpg', '2018-11-01 00:00:00', '2018-11-24 00:00:00', 0, 0, 0, 'www.baidu.com', 'з”өеҪұжҺЁиҚҗе№ҝе‘Ҡ', 100);
INSERT INTO `sms_home_advertise` VALUES (10, 'жұҪиҪҰдҝғй”Җе№ҝе‘Ҡ', 1, 'http://macro-oss.oss-cn-shenzhen.aliyuncs.com/mall/images/20181113/car_ad.jpg', '2018-11-13 00:00:00', '2018-11-24 00:00:00', 0, 0, 0, 'xxx', NULL, 99);
INSERT INTO `sms_home_advertise` VALUES (11, 'жұҪиҪҰжҺЁиҚҗе№ҝе‘Ҡ', 1, 'http://macro-oss.oss-cn-shenzhen.aliyuncs.com/mall/images/20181113/car_ad2.jpg', '2018-11-13 00:00:00', '2018-11-30 00:00:00', 0, 0, 0, 'xxx', NULL, 98);
INSERT INTO `sms_home_advertise` VALUES (12, 'е°ҸзұіжҺЁиҚҗе№ҝе‘Ҡ', 1, 'http://macro-oss.oss-cn-shenzhen.aliyuncs.com/mall/images/20221108/xiaomi_banner_01.png', '2022-11-08 17:04:03', '2023-11-08 17:04:05', 1, 0, 0, '/pages/brand/brandDetail?id=6', NULL, 0);
INSERT INTO `sms_home_advertise` VALUES (13, 'еҚҺдёәжҺЁиҚҗе№ҝе‘Ҡ', 1, 'http://macro-oss.oss-cn-shenzhen.aliyuncs.com/mall/images/20221108/huawei_banner_01.png', '2022-11-08 17:10:27', '2023-11-08 17:10:28', 1, 0, 0, '/pages/brand/brandDetail?id=3', NULL, 0);
INSERT INTO `sms_home_advertise` VALUES (14, 'иӢ№жһңжҺЁиҚҗе№ҝе‘Ҡ', 1, 'http://macro-oss.oss-cn-shenzhen.aliyuncs.com/mall/images/20221108/apple_banner_01.png', '2022-11-08 17:12:54', '2023-11-08 17:12:55', 1, 0, 0, '/pages/brand/brandDetail?id=51', NULL, 0);
INSERT INTO `sms_home_advertise` VALUES (15, 'дёүжҳҹжҺЁиҚҗе№ҝе‘Ҡ', 1, 'http://macro-oss.oss-cn-shenzhen.aliyuncs.com/mall/images/20221108/sanxing_banner_01.png', '2022-11-08 17:15:38', '2023-11-08 17:15:39', 1, 0, 0, '/pages/brand/brandDetail?id=2', NULL, 0);
INSERT INTO `sms_home_advertise` VALUES (16, 'OPPOжҺЁиҚҗе№ҝе‘Ҡ', 1, 'http://macro-oss.oss-cn-shenzhen.aliyuncs.com/mall/images/20221108/oppo_banner_01.png', '2022-11-08 17:20:10', '2023-11-08 17:20:11', 1, 0, 0, '/pages/brand/brandDetail?id=21', NULL, 0);

-- ----------------------------
-- Table structure for sms_home_brand
-- ----------------------------
DROP TABLE IF EXISTS `sms_home_brand`;
CREATE TABLE `sms_home_brand`  (
  `id` bigint NOT NULL AUTO_INCREMENT,
  `brand_id` bigint NULL DEFAULT NULL,
  `brand_name` varchar(64) CHARACTER SET utf8mb3 COLLATE utf8mb3_general_ci NULL DEFAULT NULL,
  `recommend_status` int NULL DEFAULT NULL,
  `sort` int NULL DEFAULT NULL,
  PRIMARY KEY (`id`) USING BTREE
) ENGINE = InnoDB AUTO_INCREMENT = 48 CHARACTER SET = utf8mb3 COLLATE = utf8mb3_general_ci COMMENT = 'йҰ–йЎөжҺЁиҚҗе“ҒзүҢиЎЁ' ROW_FORMAT = DYNAMIC;

-- ----------------------------
-- Records of sms_home_brand
-- ----------------------------
INSERT INTO `sms_home_brand` VALUES (6, 6, 'е°Ҹзұі', 1, 300);
INSERT INTO `sms_home_brand` VALUES (32, 50, 'жө·жҫңд№Ӣе®¶', 1, 198);
INSERT INTO `sms_home_brand` VALUES (33, 51, 'иӢ№жһң', 1, 199);
INSERT INTO `sms_home_brand` VALUES (34, 2, 'дёүжҳҹ', 1, 195);
INSERT INTO `sms_home_brand` VALUES (35, 3, 'еҚҺдёә', 1, 200);
INSERT INTO `sms_home_brand` VALUES (39, 21, 'OPPO', 1, 197);
INSERT INTO `sms_home_brand` VALUES (45, 1, 'дёҮе’Ң', 1, 0);
INSERT INTO `sms_home_brand` VALUES (46, 5, 'ж–№еӨӘ', 1, 0);
INSERT INTO `sms_home_brand` VALUES (47, 4, 'ж јеҠӣ', 1, 0);

-- ----------------------------
-- Table structure for sms_home_new_product
-- ----------------------------
DROP TABLE IF EXISTS `sms_home_new_product`;
CREATE TABLE `sms_home_new_product`  (
  `id` bigint NOT NULL AUTO_INCREMENT,
  `product_id` bigint NULL DEFAULT NULL,
  `product_name` varchar(500) CHARACTER SET utf8mb3 COLLATE utf8mb3_general_ci NULL DEFAULT NULL,
  `recommend_status` int NULL DEFAULT NULL,
  `sort` int NULL DEFAULT NULL,
  PRIMARY KEY (`id`) USING BTREE
) ENGINE = InnoDB AUTO_INCREMENT = 28 CHARACTER SET = utf8mb3 COLLATE = utf8mb3_general_ci COMMENT = 'ж–°йІңеҘҪзү©иЎЁ' ROW_FORMAT = DYNAMIC;

-- ----------------------------
-- Records of sms_home_new_product
-- ----------------------------
INSERT INTO `sms_home_new_product` VALUES (19, 37, 'Apple iPhone 14 (A2884) 128GB ж”ҜжҢҒз§»еҠЁиҒ”йҖҡз”өдҝЎ5G еҸҢеҚЎеҸҢеҫ…жүӢжңә', 1, 197);
INSERT INTO `sms_home_new_product` VALUES (20, 38, 'Apple iPad 10.9иӢұеҜёе№іжқҝз”өи„‘ 2022е№ҙж¬ҫпјҲ64GB WLANзүҲ/A14иҠҜзүҮ/1200дёҮеғҸзҙ /iPadOS MPQ03CH/A пјү', 1, 0);
INSERT INTO `sms_home_new_product` VALUES (21, 39, 'е°Ҹзұі Xiaomi Book Pro 14 2022 й”җйҫҷзүҲ 2.8Kи¶…жё…еӨ§еёҲеұҸ й«ҳз«ҜиҪ»и–„з¬”и®°жң¬з”өи„‘(ж–°R5-6600Hж ҮеҺӢ 16G 512G win11)', 1, 198);
INSERT INTO `sms_home_new_product` VALUES (22, 40, 'е°Ҹзұі12 Pro еӨ©зҺ‘зүҲ еӨ©зҺ‘9000+еӨ„зҗҶеҷЁ 5000дёҮз–ҫйҖҹеҪұеғҸ 2Kи¶…и§Ҷж„ҹеұҸ 120Hzй«ҳеҲ· 67Wеҝ«е…… 12GB+256GB й»‘иүІ 5GжүӢжңә', 1, 200);
INSERT INTO `sms_home_new_product` VALUES (23, 41, 'Redmi K50 еӨ©зҺ‘8100 2Kжҹ”жҖ§зӣҙеұҸ OISе…үеӯҰйҳІжҠ– 67Wеҝ«е…… 5500mAhеӨ§з”өйҮҸ еўЁзҫҪ 12GB+256GB 5GжҷәиғҪжүӢжңә е°Ҹзұі зәўзұі', 1, 199);
INSERT INTO `sms_home_new_product` VALUES (24, 42, 'HUAWEI Mate 50 зӣҙеұҸж——иҲ° и¶…е…үеҸҳXMAGEеҪұеғҸ еҢ—ж–—еҚ«жҳҹж¶ҲжҒҜ дҪҺз”өйҮҸеә”жҖҘжЁЎејҸ 128GBжӣңйҮ‘й»‘еҚҺдёәйёҝи’ҷжүӢжңә', 1, 0);
INSERT INTO `sms_home_new_product` VALUES (25, 44, 'дёүжҳҹпјҲSAMSUNGпјү500GB SSDеӣәжҖҒзЎ¬зӣҳ M.2жҺҘеҸЈ(NVMeеҚҸи®®) 980пјҲMZ-V8V500BWпјү', 1, 0);
INSERT INTO `sms_home_new_product` VALUES (26, 45, 'OPPO Reno8 8GB+128GB йёўе°ҫзҙ« ж–°й…ҚиүІдёҠеёӮ 80Wи¶…зә§й—Әе…… 5000дёҮж°ҙе…үдәәеғҸдёүж‘„ 3200дёҮеүҚзҪ®зҙўе°јй•ңеӨҙ 5GжүӢжңә', 1, 0);
INSERT INTO `sms_home_new_product` VALUES (27, 43, 'дёҮе’ҢпјҲVanward)зҮғж°”зғӯж°ҙеҷЁеӨ©з„¶ж°”е®¶з”ЁеӣӣйҮҚйҳІеҶ»зӣҙжөҒеҸҳйў‘иҠӮиғҪе…Ёж–°еҚҮзә§еўһеҺӢж°ҙдјәжңҚжҒ’жё©й«ҳжҠ—йЈҺ JSQ30-565W16гҖҗ16еҚҮгҖ‘гҖҗжҒ’жё©ж——иҲ°ж¬ҫгҖ‘', 1, 0);

-- ----------------------------
-- Table structure for sms_home_recommend_product
-- ----------------------------
DROP TABLE IF EXISTS `sms_home_recommend_product`;
CREATE TABLE `sms_home_recommend_product`  (
  `id` bigint NOT NULL AUTO_INCREMENT,
  `product_id` bigint NULL DEFAULT NULL,
  `product_name` varchar(500) CHARACTER SET utf8mb3 COLLATE utf8mb3_general_ci NULL DEFAULT NULL,
  `recommend_status` int NULL DEFAULT NULL,
  `sort` int NULL DEFAULT NULL,
  PRIMARY KEY (`id`) USING BTREE
) ENGINE = InnoDB AUTO_INCREMENT = 15 CHARACTER SET = utf8mb3 COLLATE = utf8mb3_general_ci COMMENT = 'дәәж°”жҺЁиҚҗе•Ҷе“ҒиЎЁ' ROW_FORMAT = DYNAMIC;

-- ----------------------------
-- Records of sms_home_recommend_product
-- ----------------------------
INSERT INTO `sms_home_recommend_product` VALUES (10, 38, 'Apple iPad 10.9иӢұеҜёе№іжқҝз”өи„‘ 2022е№ҙж¬ҫпјҲ64GB WLANзүҲ/A14иҠҜзүҮ/1200дёҮеғҸзҙ /iPadOS MPQ03CH/A пјү', 1, 0);
INSERT INTO `sms_home_recommend_product` VALUES (11, 39, 'е°Ҹзұі Xiaomi Book Pro 14 2022 й”җйҫҷзүҲ 2.8Kи¶…жё…еӨ§еёҲеұҸ й«ҳз«ҜиҪ»и–„з¬”и®°жң¬з”өи„‘(ж–°R5-6600Hж ҮеҺӢ 16G 512G win11)', 1, 0);
INSERT INTO `sms_home_recommend_product` VALUES (12, 44, 'дёүжҳҹпјҲSAMSUNGпјү500GB SSDеӣәжҖҒзЎ¬зӣҳ M.2жҺҘеҸЈ(NVMeеҚҸи®®) 980пјҲMZ-V8V500BWпјү', 1, 0);
INSERT INTO `sms_home_recommend_product` VALUES (13, 43, 'дёҮе’ҢпјҲVanward)зҮғж°”зғӯж°ҙеҷЁеӨ©з„¶ж°”е®¶з”ЁеӣӣйҮҚйҳІеҶ»зӣҙжөҒеҸҳйў‘иҠӮиғҪе…Ёж–°еҚҮзә§еўһеҺӢж°ҙдјәжңҚжҒ’жё©й«ҳжҠ—йЈҺ JSQ30-565W16гҖҗ16еҚҮгҖ‘гҖҗжҒ’жё©ж——иҲ°ж¬ҫгҖ‘', 1, 0);
INSERT INTO `sms_home_recommend_product` VALUES (14, 45, 'OPPO Reno8 8GB+128GB йёўе°ҫзҙ« ж–°й…ҚиүІдёҠеёӮ 80Wи¶…зә§й—Әе…… 5000дёҮж°ҙе…үдәәеғҸдёүж‘„ 3200дёҮеүҚзҪ®зҙўе°јй•ңеӨҙ 5GжүӢжңә', 1, 0);

-- ----------------------------
-- Table structure for sms_home_recommend_subject
-- ----------------------------
DROP TABLE IF EXISTS `sms_home_recommend_subject`;
CREATE TABLE `sms_home_recommend_subject`  (
  `id` bigint NOT NULL AUTO_INCREMENT,
  `subject_id` bigint NULL DEFAULT NULL,
  `subject_name` varchar(64) CHARACTER SET utf8mb3 COLLATE utf8mb3_general_ci NULL DEFAULT NULL,
  `recommend_status` int NULL DEFAULT NULL,
  `sort` int NULL DEFAULT NULL,
  PRIMARY KEY (`id`) USING BTREE
) ENGINE = InnoDB AUTO_INCREMENT = 20 CHARACTER SET = utf8mb3 COLLATE = utf8mb3_general_ci COMMENT = 'йҰ–йЎөжҺЁиҚҗдё“йўҳиЎЁ' ROW_FORMAT = DYNAMIC;

-- ----------------------------
-- Records of sms_home_recommend_subject
-- ----------------------------
INSERT INTO `sms_home_recommend_subject` VALUES (14, 1, 'poloиЎ¬иЎ«зҡ„д№ҹж—¶е°ҡ', 1, 0);
INSERT INTO `sms_home_recommend_subject` VALUES (15, 2, 'еӨ§зүҢжүӢжңәдҪҺд»·з§’', 1, 0);
INSERT INTO `sms_home_recommend_subject` VALUES (16, 3, 'жҷ“йҫҷ845ж–°е“ҒдёҠеёӮ', 1, 0);
INSERT INTO `sms_home_recommend_subject` VALUES (17, 4, 'еӨҸеӨ©еә”иҜҘз©ҝд»Җд№Ҳ', 1, 0);
INSERT INTO `sms_home_recommend_subject` VALUES (18, 5, 'еӨҸеӯЈзІҫйҖү', 1, 100);
INSERT INTO `sms_home_recommend_subject` VALUES (19, 6, 'е“ҒзүҢжүӢжңәйҷҚд»·', 1, 0);

-- ----------------------------
-- Table structure for sms_seckill_order
-- ----------------------------
DROP TABLE IF EXISTS `sms_seckill_order`;
CREATE TABLE `sms_seckill_order`  (
  `id` bigint NOT NULL AUTO_INCREMENT COMMENT 'дё»й”®',
  `promotion_id` bigint NOT NULL COMMENT 'з§’жқҖжҙ»еҠЁID',
  `session_id` bigint NOT NULL COMMENT 'з§’жқҖеңәж¬ЎID',
  `product_id` bigint NOT NULL COMMENT 'е•Ҷе“ҒID',
  `member_id` bigint NOT NULL COMMENT 'дјҡе‘ҳID',
  `order_id` bigint NOT NULL COMMENT 'е…іиҒ”и®ўеҚ•IDпјҲoms_order.idпјү',
  `order_sn` varchar(64) CHARACTER SET utf8mb4 COLLATE utf8mb4_0900_ai_ci NULL DEFAULT NULL COMMENT 'и®ўеҚ•зј–еҸ·',
  `seckill_price` decimal(10, 2) NULL DEFAULT NULL COMMENT 'з§’жқҖд»·',
  `quantity` int NULL DEFAULT 1 COMMENT 'иҙӯд№°ж•°йҮҸ',
  `create_time` datetime NULL DEFAULT CURRENT_TIMESTAMP COMMENT 'еҲӣе»әж—¶й—ҙ',
  PRIMARY KEY (`id`) USING BTREE,
  UNIQUE INDEX `uk_member_product_promotion`(`member_id` ASC, `product_id` ASC, `promotion_id` ASC) USING BTREE,
  INDEX `idx_order_id`(`order_id` ASC) USING BTREE,
  INDEX `idx_promotion_id`(`promotion_id` ASC) USING BTREE
) ENGINE = InnoDB CHARACTER SET = utf8mb4 COLLATE = utf8mb4_0900_ai_ci COMMENT = 'з§’жқҖи®ўеҚ•и®°еҪ•иЎЁ' ROW_FORMAT = Dynamic;

-- ----------------------------
-- Records of sms_seckill_order
-- ----------------------------

-- ----------------------------
-- Table structure for undo_log
-- ----------------------------
DROP TABLE IF EXISTS `undo_log`;
CREATE TABLE `undo_log`  (
  `id` bigint NOT NULL AUTO_INCREMENT,
  `branch_id` bigint NOT NULL COMMENT 'еҲҶж”ҜдәӢеҠЎID',
  `xid` varchar(128) CHARACTER SET utf8mb4 COLLATE utf8mb4_0900_ai_ci NOT NULL COMMENT 'е…ЁеұҖдәӢеҠЎID',
  `context` varchar(128) CHARACTER SET utf8mb4 COLLATE utf8mb4_0900_ai_ci NOT NULL COMMENT 'дёҠдёӢж–Ү',
  `rollback_info` longblob NOT NULL COMMENT 'еӣһж»ҡдҝЎжҒҜ',
  `log_status` int NOT NULL COMMENT 'зҠ¶жҖҒпјҡ0жӯЈеёё 1еӣһж»ҡдёӯ',
  `log_created` datetime NOT NULL COMMENT 'еҲӣе»әж—¶й—ҙ',
  `log_modified` datetime NOT NULL COMMENT 'дҝ®ж”№ж—¶й—ҙ',
  PRIMARY KEY (`id`) USING BTREE,
  UNIQUE INDEX `ux_undo_log`(`xid` ASC, `branch_id` ASC) USING BTREE
) ENGINE = InnoDB AUTO_INCREMENT = 1 CHARACTER SET = utf8mb4 COLLATE = utf8mb4_0900_ai_ci COMMENT = 'Seata AT undo_log' ROW_FORMAT = Dynamic;

-- ----------------------------
-- Records of undo_log
-- ----------------------------

SET FOREIGN_KEY_CHECKS = 1;
